Feature,TP,FP,TN,FN,p value
RPL22_GRCh38_1:6197725-6197725_Frame-Shift-Del_DEL_T-T--,5,0,12,3,0.003611971
BCAS3_GRCh38_17:61388620-61388620_Intron_DEL_A-A--,4,1,11,4,0.108875129
NBEAL1_GRCh38_2:203057335-203057335_Frame-Shift-Del_DEL_A-A--,4,0,12,4,0.014447884
SEC31A_GRCh38_4:82864412-82864412_Frame-Shift-Del_DEL_T-T--,4,0,12,4,0.014447884
SYDE2_GRCh38_1:85158732-85158732_3'UTR_DEL_A-A--,4,0,12,4,0.014447884
NPNT_GRCh38_4:105971098-105971098_3'UTR_DEL_T-T--,4,0,12,4,0.014447884
DOCK3_GRCh38_3:51380173-51380173_Frame-Shift-Del_DEL_C-C--,4,1,11,4,0.108875129
YAF2_GRCh38_12:42235761-42235761_Intron_DEL_A-A--,4,0,12,4,0.014447884
XPOT_GRCh38_12:64418975-64418975_Frame-Shift-Del_DEL_T-T--,4,1,11,4,0.108875129
RNFT2_GRCh38_12:116851744-116851744_3'UTR_DEL_A-A--,4,0,12,4,0.014447884
XYLT2_GRCh38_17:50356606-50356606_Frame-Shift-Del_DEL_C-C--,4,1,11,4,0.108875129
UVRAG_GRCh38_11:75983387-75983387_Frame-Shift-Del_DEL_A-A--,4,0,12,4,0.014447884
ITPRIPL1_GRCh38_2:96328313-96328313_3'UTR_DEL_A-A--,4,1,11,4,0.108875129
PLOD3_GRCh38_7:101212646-101212646_Frame-Shift-Del_DEL_G-G--,3,0,12,5,0.049122807
CD79A_GRCh38_19:41879540-41879540_Frame-Shift-Del_DEL_C-C--,3,0,12,5,0.049122807
SLC16A4_GRCh38_1:110363805-110363805_Frame-Shift-Del_DEL_A-A--,3,0,12,5,0.049122807
CYHR1_GRCh38_8:144464276-144464276_Intron_DEL_C-C--,3,0,12,5,0.049122807
TMEM60_GRCh38_7:77794143-77794143_Frame-Shift-Del_DEL_T-T--,3,0,12,5,0.049122807
RNF128_GRCh38_X:106694026-106694026_Frame-Shift-Del_DEL_T-T--,3,0,12,5,0.049122807
PPP2R5A_GRCh38_1:212360769-212360769_Frame-Shift-Del_DEL_A-A--,3,0,12,5,0.049122807
ZBTB20_GRCh38_3:114339156-114339156_Frame-Shift-Del_DEL_G-G--,3,0,12,5,0.049122807
DDX27_GRCh38_20:49241967-49241967_Frame-Shift-Del_DEL_A-A--,3,1,11,5,0.255314757
PHF2_GRCh38_9:93660330-93660330_Frame-Shift-Del_DEL_A-A--,3,0,12,5,0.049122807
NDUFC2_GRCh38_11:78073101-78073101_Frame-Shift-Del_DEL_A-A--,3,0,12,5,0.049122807
PCDH19_GRCh38_X:100407507-100407507_Frame-Shift-Del_DEL_G-G--,3,0,12,5,0.049122807
CCDC28A_GRCh38_6:138776193-138776193_Frame-Shift-Del_DEL_A-A--,3,1,11,5,0.255314757
SAFB2_GRCh38_19:5587271-5587271_Frame-Shift-Del_DEL_G-G--,3,0,12,5,0.049122807
IGF2R_GRCh38_6:160064455-160064456_Frame-Shift-Ins_INS_----G,3,0,12,5,0.049122807
SMAD4_GRCh38_18:51078638-51078638_3'UTR_DEL_T-T--,3,0,12,5,0.049122807
TEAD2_GRCh38_19:49347216-49347216_Frame-Shift-Del_DEL_G-G--,3,0,12,5,0.049122807
JAK1_GRCh38_1:64841314-64841314_Frame-Shift-Del_DEL_T-T--,3,0,12,5,0.049122807
HPS1_GRCh38_10:98427230-98427230_Frame-Shift-Del_DEL_G-G--,3,0,12,5,0.049122807
QKI_GRCh38_6:163478888-163478888_Frame-Shift-Del_DEL_A-A--,3,0,12,5,0.049122807
TAS2R31_GRCh38_12:11031348-11031348_5'UTR_DEL_A-A--,3,0,12,5,0.049122807
PLXND1_GRCh38_3:129555548-129555548_3'UTR_DEL_A-A--,3,0,12,5,0.049122807
OR6C75_GRCh38_12:55365702-55365702_Frame-Shift-Del_DEL_T-T--,3,0,12,5,0.049122807
SRRT_GRCh38_7:100881710-100881711_Frame-Shift-Ins_INS_----G,3,0,12,5,0.049122807
ACVR2A_GRCh38_2:147926117-147926117_Frame-Shift-Del_DEL_A-A--,3,0,12,5,0.049122807
ADAM30_GRCh38_1:119894472-119894472_Frame-Shift-Del_DEL_T-T--,3,0,12,5,0.049122807
SREK1IP1_GRCh38_5:64728114-64728114_Frame-Shift-Del_DEL_T-T--,3,0,12,5,0.049122807
INPPL1_GRCh38_11:72237704-72237704_Frame-Shift-Del_DEL_C-C--,3,0,12,5,0.049122807
UPF3A_GRCh38_13:114291736-114291736_Frame-Shift-Del_DEL_A-A--,3,1,11,5,0.255314757
C15orf39_GRCh38_15:75207463-75207463_Frame-Shift-Del_DEL_C-C--,2,0,12,6,0.147368421
SLC39A9_GRCh38_14:69461640-69461640_3'Flank_DEL_T-T--,2,0,12,6,0.147368421
ERVMER34-1_GRCh38_4:52744622-52744622_Frame-Shift-Del_DEL_A-A--,2,0,12,6,0.147368421
NFASC_GRCh38_1:204954905-204954905_Frame-Shift-Del_DEL_C-C--,2,0,12,6,0.147368421
MVK_GRCh38_12:109581435-109581435_Frame-Shift-Del_DEL_C-C--,2,0,12,6,0.147368421
LMAN1_GRCh38_18:59345962-59345962_Frame-Shift-Del_DEL_T-T--,2,0,12,6,0.147368421
WDR55_GRCh38_5:140669517-140669517_Frame-Shift-Del_DEL_A-A--,2,0,12,6,0.147368421
RGS12_GRCh38_4:3430704-3430704_Frame-Shift-Del_DEL_C-C--,2,0,12,6,0.147368421
NAPEPLD_GRCh38_7:103119676-103119676_Frame-Shift-Del_DEL_A-A--,2,0,12,6,0.147368421
OLAH_GRCh38_10:15056974-15056974_Intron_DEL_T-T--,2,0,12,6,0.147368421
NOL6_GRCh38_9:33466946-33466946_Frame-Shift-Del_DEL_C-C--,2,0,12,6,0.147368421
PLXNB3_GRCh38_X:153777236-153777236_Frame-Shift-Del_DEL_G-G--,2,0,12,6,0.147368421
TRIM51_GRCh38_11:55886134-55886134_Frame-Shift-Del_DEL_A-A--,2,0,12,6,0.147368421
ICA1_GRCh38_7:8158621-8158621_Frame-Shift-Del_DEL_T-T--,2,0,12,6,0.147368421
MPRIP_GRCh38_17:17143572-17143572_Frame-Shift-Del_DEL_C-C--,2,0,12,6,0.147368421
HIVEP1_GRCh38_6:12164483-12164483_3'UTR_DEL_T-T--,2,0,12,6,0.147368421
CCDC18_GRCh38_1:93201959-93201959_Frame-Shift-Del_DEL_A-A--,2,0,12,6,0.147368421
PIEZO2_GRCh38_18:10741066-10741066_Frame-Shift-Del_DEL_T-T--,2,0,12,6,0.147368421
CHRM3_GRCh38_1:239909144-239909144_Frame-Shift-Del_DEL_A-A--,2,0,12,6,0.147368421
C6_GRCh38_5:41181458-41181458_Frame-Shift-Del_DEL_C-C--,2,0,12,6,0.147368421
IPO11_GRCh38_5:62551288-62551288_Frame-Shift-Del_DEL_T-T--,2,0,12,6,0.147368421
CTCF_GRCh38_16:67611435-67611436_Frame-Shift-Ins_INS_----A_----AA,2,0,12,6,0.147368421
COIL_GRCh38_17:56950655-56950655_Frame-Shift-Del_DEL_T-T--,2,0,12,6,0.147368421
CSMD3_GRCh38_8:112228800-112228800_Frame-Shift-Del_DEL_A-A--,2,0,12,6,0.147368421
RNF43_GRCh38_17:58357800-58357800_Frame-Shift-Del_DEL_C-C--,2,0,12,6,0.147368421
BTBD11_GRCh38_12:107544001-107544001_Frame-Shift-Del_DEL_C-C--,2,0,12,6,0.147368421
ATAD2_GRCh38_8:123372653-123372653_Frame-Shift-Del_DEL_T-T--,2,0,12,6,0.147368421
TVP23A_GRCh38_16:10773346-10773346_Frame-Shift-Del_DEL_A-A--,2,1,11,6,0.536842105
EBPL_GRCh38_13:49661073-49661073_Frame-Shift-Del_DEL_A-A--,2,0,12,6,0.147368421
TNKS2_GRCh38_10:91842189-91842189_Frame-Shift-Del_DEL_A-A--,2,0,12,6,0.147368421
ADAMTSL4_GRCh38_1:150558030-150558030_Frame-Shift-Del_DEL_G-G--,2,0,12,6,0.147368421
GRB14_GRCh38_2:164508778-164508778_Frame-Shift-Del_DEL_T-T--,2,0,12,6,0.147368421
CBY1_GRCh38_22:38673281-38673281_3'UTR_DEL_T-T--,2,0,12,6,0.147368421
FHOD3_GRCh38_18:36625553-36625553_Frame-Shift-Del_DEL_C-C--,2,0,12,6,0.147368421
CWF19L2_GRCh38_11:107454502-107454502_Frame-Shift-Del_DEL_T-T--,2,0,12,6,0.147368421
MAP7D3_GRCh38_X:136232035-136232035_Frame-Shift-Del_DEL_G-G--,2,0,12,6,0.147368421
FBXO48_GRCh38_2:68464197-68464197_3'UTR_DEL_T-T--,2,1,11,6,0.536842105
ROCK1_GRCh38_18:20953718-20953718_Frame-Shift-Del_DEL_T-T--,2,0,12,6,0.147368421
RBM27_GRCh38_5:146267757-146267757_Frame-Shift-Del_DEL_A-A--,2,0,12,6,0.147368421
DYNC1I2_GRCh38_2:171690252-171690252_Frame-Shift-Del_DEL_A-A--,2,0,12,6,0.147368421
FCRL3_GRCh38_1:157697170-157697170_Frame-Shift-Del_DEL_T-T--,2,0,12,6,0.147368421
LHCGR_GRCh38_2:48687644-48687644_3'UTR_DEL_T-T--,2,0,12,6,0.147368421
CCDC15_GRCh38_11:124975153-124975153_Frame-Shift-Del_DEL_A-A--,2,0,12,6,0.147368421
JAK1_GRCh38_1:64860150-64860150_Frame-Shift-Del_DEL_G-G--,2,0,12,6,0.147368421
IRS4_GRCh38_X:108734573-108734573_Frame-Shift-Del_DEL_C-C--,2,0,12,6,0.147368421
NSD1_GRCh38_5:177248268-177248268_Frame-Shift-Del_DEL_A-A--,2,0,12,6,0.147368421
MED25_GRCh38_19:49829856-49829856_Frame-Shift-Del_DEL_C-C--,2,0,12,6,0.147368421
ARFGAP2_GRCh38_11:47175302-47175302_Frame-Shift-Del_DEL_A-A--,2,0,12,6,0.147368421
NIPBL_GRCh38_5:36984981-36984981_Frame-Shift-Del_DEL_A-A--,2,0,12,6,0.147368421
NEXN_GRCh38_1:77942858-77942858_3'UTR_DEL_T-T--,2,0,12,6,0.147368421
CROCC_GRCh38_1:16922012-16922012_5'UTR_DEL_C-C--,2,0,12,6,0.147368421
SSPO_GRCh38_7:149804022-149804022_RNA_DEL_G-G--,2,0,12,6,0.147368421
ANO10_GRCh38_3:43605721-43605721_Frame-Shift-Del_DEL_T-T--,2,0,12,6,0.147368421
MYO1A_GRCh38_12:57028789-57028789_Frame-Shift-Del_DEL_T-T--,2,0,12,6,0.147368421
RPS6KB1_GRCh38_17:59947548-59947548_3'UTR_DEL_A-A--,2,0,12,6,0.147368421
CSNK1A1_GRCh38_5:149496155-149496155_3'UTR_DEL_T-T--,2,0,12,6,0.147368421
VEPH1_GRCh38_3:157363438-157363438_Frame-Shift-Del_DEL_T-T--,2,0,12,6,0.147368421
RET_GRCh38_10:43128761-43128761_3'UTR_DEL_G-G--,2,0,12,6,0.147368421
NME5_GRCh38_5:138115673-138115673_3'UTR_DEL_T-T--,2,0,12,6,0.147368421
PRRG1_GRCh38_X:37453358-37453358_Frame-Shift-Del_DEL_C-C--,2,0,12,6,0.147368421
TBC1D23_GRCh38_3:100320892-100320892_Frame-Shift-Del_DEL_A-A--,2,0,12,6,0.147368421
FETUB_GRCh38_3:186644755-186644755_Frame-Shift-Del_DEL_A-A--,2,0,12,6,0.147368421
APPL1_GRCh38_3:57242893-57242893_Frame-Shift-Del_DEL_A-A--,2,0,12,6,0.147368421
KCNA4_GRCh38_11:30012016-30012016_Frame-Shift-Del_DEL_A-A--,2,0,12,6,0.147368421
ZC3H3_GRCh38_8:143539065-143539065_Frame-Shift-Del_DEL_C-C--,2,0,12,6,0.147368421
UBB_GRCh38_17:16382471-16382471_Frame-Shift-Del_DEL_C-C--,2,0,12,6,0.147368421
ARHGEF18_GRCh38_19:7439885-7439885_5'UTR_DEL_T-T--,2,0,12,6,0.147368421
PTPN21_GRCh38_14:88473769-88473769_Frame-Shift-Del_DEL_T-T--,1,0,12,7,0.4
B2M_GRCh38_15:44711583-44711584_Frame-Shift-Del_DEL_CT-CT--,1,0,12,7,0.4
ARFGAP1_GRCh38_20:63286108-63286108_Intron_DEL_C-C--,1,0,12,7,0.4
TTF1_GRCh38_9:132402001-132402001_Frame-Shift-Del_DEL_T-T--,1,0,12,7,0.4
INSM2_GRCh38_14:35535850-35535851_Frame-Shift-Ins_INS_----T,1,0,12,7,0.4
G2E3_GRCh38_14:30605566-30605566_Frame-Shift-Del_DEL_A-A--,1,0,12,7,0.4
SYTL1_GRCh38_1:27353864-27353865_3'UTR_DEL_CT-CT--,1,0,12,7,0.4
LRRC17_GRCh38_7:102944546-102944546_Frame-Shift-Del_DEL_A-A--,1,0,12,7,0.4
RGS12_GRCh38_4:3428672-3428672_Frame-Shift-Del_DEL_A-A--,1,0,12,7,0.4
GRK4_GRCh38_4:3013743-3013743_Frame-Shift-Del_DEL_A-A--,1,0,12,7,0.4
PRR11_GRCh38_17:59169810-59169810_Frame-Shift-Del_DEL_A-A--,1,0,12,7,0.4
PTEN_GRCh38_10:87961042-87961045_Frame-Shift-Del_DEL_TACT-TACT--,1,0,12,7,0.4
GTPBP10_GRCh38_7:90384909-90384910_Frame-Shift-Ins_INS_----A,1,0,12,7,0.4
AP1S1_GRCh38_7:101159124-101159124_Frame-Shift-Del_DEL_G-G--,1,0,12,7,0.4
PLXNB3_GRCh38_X:153765478-153765478_5'UTR_DEL_C-C--,1,0,12,7,0.4
KIAA1211_GRCh38_4:56313337-56313337_Frame-Shift-Del_DEL_A-A--,1,0,12,7,0.4
OR6P1_GRCh38_1:158563509-158563509_Frame-Shift-Del_DEL_A-A--,1,0,12,7,0.4
PPP2R3B_GRCh38_X:341317-341317_Frame-Shift-Del_DEL_T-T--,1,1,11,7,1
LIMCH1_GRCh38_4:41646491-41646492_Frame-Shift-Del_DEL_GA-GA--,1,0,12,7,0.4
JUND_GRCh38_19:18280056-18280056_3'UTR_SNP_A-A-G,1,0,12,7,0.4
MSH3_GRCh38_5:80675096-80675096_Frame-Shift-Del_DEL_A-A--,1,1,11,7,1
USP40_GRCh38_2:233485591-233485591_Frame-Shift-Del_DEL_T-T--,1,0,12,7,0.4
PTEN_GRCh38_10:87958013-87958013_Frame-Shift-Del_DEL_A-A--,1,0,12,7,0.4
TCF20_GRCh38_22:42168710-42168710_Frame-Shift-Del_DEL_G-G--,1,0,12,7,0.4
CPEB2_GRCh38_4:15066234-15066234_Frame-Shift-Del_DEL_T-T--,1,0,12,7,0.4
SMTN_GRCh38_22:31089936-31089936_Frame-Shift-Del_DEL_C-C--,1,0,12,7,0.4
TTK_GRCh38_6:80042180-80042180_Frame-Shift-Del_DEL_A-A--,1,0,12,7,0.4
CAAP1_GRCh38_9:26886122-26886122_Frame-Shift-Del_DEL_T-T--,1,0,12,7,0.4
MAGEE2_GRCh38_X:75784919-75784919_Frame-Shift-Del_DEL_G-G--,1,0,12,7,0.4
MED8_GRCh38_1:43384472-43384472_3'UTR_DEL_T-T--,1,0,12,7,0.4
TFE3_GRCh38_X:49030441-49030441_Frame-Shift-Del_DEL_C-C--,1,0,12,7,0.4
ELFN2_GRCh38_22:37373064-37373064_3'UTR_DEL_G-G--,1,0,12,7,0.4
TTK_GRCh38_6:80042193-80042193_Frame-Shift-Del_DEL_A-A--,1,0,12,7,0.4
TTC14_GRCh38_3:180609620-180609620_Intron_DEL_T-T--,1,0,12,7,0.4
MYO10_GRCh38_5:16694497-16694497_Frame-Shift-Del_DEL_C-C--,1,0,12,7,0.4
TP53_GRCh38_17:7673803-7673803_Missense-Mutation_SNP_G-G-A_G-G-T,1,0,12,7,0.4
CLCN2_GRCh38_3:184355722-184355722_Frame-Shift-Del_DEL_G-G--,1,0,12,7,0.4
ATAD2B_GRCh38_2:23875886-23875886_Frame-Shift-Del_DEL_T-T--,1,0,12,7,0.4
OFD1_GRCh38_X:13746827-13746827_Frame-Shift-Del_DEL_A-A--,1,0,12,7,0.4
PBRM1_GRCh38_3:52644768-52644768_Frame-Shift-Del_DEL_T-T--,1,0,12,7,0.4
ESRP1_GRCh38_8:94674383-94674383_Frame-Shift-Del_DEL_A-A--,1,0,12,7,0.4
PIK3CA_GRCh38_3:179234297-179234297_Missense-Mutation_SNP_A-A-T_A-A-G,1,1,11,7,1
PAX6_GRCh38_11:31790769-31790769_Frame-Shift-Del_DEL_G-G--,1,0,12,7,0.4
USP40_GRCh38_2:233565577-233565577_Splice-Region_DEL_A-A--,1,0,12,7,0.4
ZMYM4_GRCh38_1:35381358-35381359_Frame-Shift-Ins_INS_----A,1,0,12,7,0.4
AVEN_GRCh38_15:33866599-33866599_3'UTR_DEL_T-T--,1,0,12,7,0.4
PLK2_GRCh38_5:58457185-58457185_Frame-Shift-Del_DEL_A-A--,1,0,12,7,0.4
SLC26A5_GRCh38_7:103420861-103420861_Frame-Shift-Del_DEL_T-T--,1,0,12,7,0.4
MBD6_GRCh38_12:57527219-57527219_Frame-Shift-Del_DEL_C-C--,1,0,12,7,0.4
CHST4_GRCh38_16:71536690-71536690_Frame-Shift-Del_DEL_A-A--,1,0,12,7,0.4
ALPK2_GRCh38_18:58579208-58579208_Frame-Shift-Del_DEL_T-T--,1,0,12,7,0.4
RPS6KA1_GRCh38_1:26574432-26574432_3'UTR_DEL_T-T--,1,0,12,7,0.4
DTX4_GRCh38_11:59191136-59191136_Frame-Shift-Del_DEL_A-A--,1,0,12,7,0.4
PPARGC1B_GRCh38_5:149826823-149826823_Frame-Shift-Del_DEL_C-C--,1,0,12,7,0.4
UTP15_GRCh38_5:73579096-73579096_Missense-Mutation_SNP_C-C-T,1,0,12,7,0.4
AKAP7_GRCh38_6:131160136-131160136_Frame-Shift-Del_DEL_A-A--,1,0,12,7,0.4
WDR47_GRCh38_1:109017519-109017519_Frame-Shift-Del_DEL_T-T--,1,0,12,7,0.4
ARHGEF40_GRCh38_14:21088033-21088033_Frame-Shift-Del_DEL_C-C--,1,0,12,7,0.4
SLC3A2_GRCh38_11:62882057-62882057_Frame-Shift-Del_DEL_A-A--,1,0,12,7,0.4
DAZAP1_GRCh38_19:1430255-1430255_Frame-Shift-Del_DEL_C-C--,1,0,12,7,0.4
P4HB_GRCh38_17:81845888-81845888_Frame-Shift-Del_DEL_T-T--,1,0,12,7,0.4
CAMSAP2_GRCh38_1:200857892-200857892_Frame-Shift-Del_DEL_A-A--,1,0,12,7,0.4
ELAVL1_GRCh38_19:7963464-7963464_3'UTR_DEL_A-A--,1,0,12,7,0.4
GOLGA2_GRCh38_9:128257111-128257111_Frame-Shift-Del_DEL_A-A--,1,0,12,7,0.4
PSME4_GRCh38_2:53866207-53866208_Frame-Shift-Ins_INS_----T,1,0,12,7,0.4
SYNJ2_GRCh38_6:158086977-158086977_Frame-Shift-Del_DEL_C-C--,1,0,12,7,0.4
ANKRD20A4_GRCh38_9:64409487-64409487_Frame-Shift-Del_DEL_A-A--,1,0,12,7,0.4
PDCD1_GRCh38_2:241852952-241852952_Frame-Shift-Del_DEL_G-G--,1,0,12,7,0.4
ADAMTS17_GRCh38_15:99976051-99976051_Frame-Shift-Del_DEL_G-G--,1,0,12,7,0.4
ZNF720_GRCh38_16:31754293-31754293_Intron_SNP_G-G-A,1,0,12,7,0.4
ARAF_GRCh38_X:47567016-47567016_Frame-Shift-Del_DEL_C-C--,1,0,12,7,0.4
SUGP2_GRCh38_19:19025585-19025585_Frame-Shift-Del_DEL_T-T--,1,0,12,7,0.4
CLRN1_GRCh38_3:150926904-150926904_3'UTR_DEL_A-A--,1,0,12,7,0.4
HNF1A_GRCh38_12:120994312-120994312_Frame-Shift-Del_DEL_G-G--,1,0,12,7,0.4
EFNB3_GRCh38_17:7705605-7705605_Frame-Shift-Del_DEL_C-C--,1,0,12,7,0.4
CD3G_GRCh38_11:118349868-118349868_Frame-Shift-Del_DEL_A-A--,1,0,12,7,0.4
GLI1_GRCh38_12:57466292-57466292_Frame-Shift-Del_DEL_G-G--,1,0,12,7,0.4
GCNT2_GRCh38_6:10557177-10557177_Intron_DEL_C-C--,1,0,12,7,0.4
CDS1_GRCh38_4:84635322-84635322_Frame-Shift-Del_DEL_T-T--,1,0,12,7,0.4
CENPQ_GRCh38_6:49492282-49492282_3'UTR_DEL_T-T--,1,0,12,7,0.4
TCERG1_GRCh38_5:146503942-146503943_Frame-Shift-Del_DEL_GA-GA--,1,0,12,7,0.4
FAM186A_GRCh38_12:50354571-50354571_Frame-Shift-Del_DEL_T-T--,1,0,12,7,0.4
DDX3X_GRCh38_X:41347847-41347847_3'UTR_DEL_T-T--,1,0,12,7,0.4
ZDBF2_GRCh38_2:206309704-206309704_Frame-Shift-Del_DEL_A-A--,1,0,12,7,0.4
ARID1A_GRCh38_1:26780313-26780313_Frame-Shift-Del_DEL_C-C--,1,0,12,7,0.4
CNTN6_GRCh38_3:1329817-1329817_Frame-Shift-Del_DEL_A-A--,1,0,12,7,0.4
KRAS_GRCh38_12:25245350-25245350_Missense-Mutation_SNP_C-C-A_C-C-T_C-C-G,1,0,12,7,0.4
SVIL_GRCh38_10:29471187-29471187_Frame-Shift-Del_DEL_C-C--,1,0,12,7,0.4
QKI_GRCh38_6:163564655-163564655_Intron_DEL_T-T--,1,1,11,7,1
ANKRD20A8P_GRCh38_2:94817294-94817294_RNA_DEL_T-T--,1,0,12,7,0.4
SLC23A2_GRCh38_20:4869923-4869923_Frame-Shift-Del_DEL_G-G--,1,0,12,7,0.4
MIS18BP1_GRCh38_14:45224519-45224519_Frame-Shift-Del_DEL_T-T--,1,0,12,7,0.4
ELMSAN1_GRCh38_14:73739070-73739070_Frame-Shift-Del_DEL_G-G--,1,0,12,7,0.4
LRRC41_GRCh38_1:46285823-46285823_Frame-Shift-Del_DEL_G-G--,1,0,12,7,0.4
ZMYM2_GRCh38_13:20082954-20082954_Frame-Shift-Del_DEL_A-A--,1,0,12,7,0.4
LMAN1_GRCh38_18:59346053-59346053_Splice-Site_DEL_T-T--,1,0,12,7,0.4
SCAF4_GRCh38_21:31702342-31702342_Frame-Shift-Del_DEL_T-T--,1,0,12,7,0.4
TRAV14DV4_GRCh38_14:21924109-21924109_5'UTR_DEL_T-T--,1,0,12,7,0.4
ALKBH8_GRCh38_11:107504605-107504605_3'UTR_DEL_T-T--,1,0,12,7,0.4
TTC3_GRCh38_21:37151943-37151943_Frame-Shift-Del_DEL_A-A--,1,0,12,7,0.4
WDR87_GRCh38_19:37885395-37885395_Frame-Shift-Del_DEL_T-T--,1,0,12,7,0.4
ZMYND19_GRCh38_9:137587089-137587090_Frame-Shift-Ins_INS_----C,1,0,12,7,0.4
TMEM232_GRCh38_5:110605204-110605204_Frame-Shift-Del_DEL_T-T--,1,0,12,7,0.4
THBS3_GRCh38_1:155202855-155202855_Frame-Shift-Del_DEL_G-G--,1,0,12,7,0.4
ZNF716_GRCh38_7:57468836-57468836_Frame-Shift-Del_DEL_A-A--,1,0,12,7,0.4
ZMIZ1_GRCh38_10:79312689-79312689_Frame-Shift-Del_DEL_C-C--,1,0,12,7,0.4
RBM6_GRCh38_3:50062017-50062017_Frame-Shift-Del_DEL_A-A--,1,0,12,7,0.4
PTEN_GRCh38_10:87933147-87933147_Nonsense-Mutation_SNP_C-C-T,1,0,12,7,0.4
HDAC2_GRCh38_6:113970876-113970876_Frame-Shift-Del_DEL_T-T--,1,0,12,7,0.4
FUBP1_GRCh38_1:77978975-77978975_Frame-Shift-Del_DEL_G-G--,1,0,12,7,0.4
CEP290_GRCh38_12:88059898-88059898_Frame-Shift-Del_DEL_T-T--,1,0,12,7,0.4
PIK3CA_GRCh38_3:179218303-179218303_Missense-Mutation_SNP_G-G-A_G-G-C,1,0,12,7,0.4
NOVA1_GRCh38_14:26597336-26597336_Frame-Shift-Del_DEL_G-G--,1,0,12,7,0.4
CHD3_GRCh38_17:7895447-7895447_Frame-Shift-Del_DEL_C-C--,1,0,12,7,0.4
LARP7_GRCh38_4:112649598-112649598_Frame-Shift-Del_DEL_A-A--,1,0,12,7,0.4
VPS13B_GRCh38_8:99038443-99038443_Frame-Shift-Del_DEL_T-T--,1,0,12,7,0.4
SMC6_GRCh38_2:17716859-17716859_Frame-Shift-Del_DEL_T-T--,1,0,12,7,0.4
PIK3CA_GRCh38_3:179198937-179198937_Missense-Mutation_SNP_C-C-T,1,0,12,7,0.4
ZNF106_GRCh38_15:42450759-42450759_Frame-Shift-Del_DEL_A-A--,1,0,12,7,0.4
NFKBIA_GRCh38_14:35401963-35401963_3'UTR_DEL_T-T--,1,0,12,7,0.4
ZNF107_GRCh38_7:64691907-64691907_5'UTR_DEL_A-A--,1,0,12,7,0.4
NES_GRCh38_1:156673012-156673012_Frame-Shift-Del_DEL_G-G--,1,0,12,7,0.4
EML6_GRCh38_2:54910993-54910993_Frame-Shift-Del_DEL_T-T--,1,0,12,7,0.4
HUWE1_GRCh38_X:53533276-53533276_3'UTR_DEL_A-A--,1,0,12,7,0.4
UBQLN2_GRCh38_X:56565441-56565441_Frame-Shift-Del_DEL_C-C--,1,0,12,7,0.4
LARP4B_GRCh38_10:844999-844999_Frame-Shift-Del_DEL_T-T--,1,0,12,7,0.4
ADAM28_GRCh38_8:24309959-24309960_Frame-Shift-Ins_INS_----A,1,0,12,7,0.4
ATP8B1_GRCh38_18:57697807-57697808_Frame-Shift-Ins_INS_----T,1,0,12,7,0.4
CHD4_GRCh38_12:6602380-6602380_Frame-Shift-Del_DEL_T-T--,1,0,12,7,0.4
KSR1_GRCh38_17:27582990-27582990_Frame-Shift-Del_DEL_C-C--,1,0,12,7,0.4
KRAS_GRCh38_12:25245347-25245347_Missense-Mutation_SNP_C-C-T_C-C-A,1,0,12,7,0.4
KMT2B_GRCh38_19:35732101-35732101_Frame-Shift-Del_DEL_G-G--,1,0,12,7,0.4
TMEM185B_GRCh38_2:120221955-120221955_Frame-Shift-Del_DEL_G-G--,1,0,12,7,0.4
TNRC6B_GRCh38_22:40265349-40265349_Frame-Shift-Del_DEL_A-A--,1,0,12,7,0.4
CARD11_GRCh38_7:2928689-2928689_Frame-Shift-Del_DEL_G-G--,1,0,12,7,0.4
KANSL1L_GRCh38_2:210022956-210022956_Frame-Shift-Del_DEL_T-T--,1,0,12,7,0.4
RALGAPB_GRCh38_20:38517590-38517590_Frame-Shift-Del_DEL_C-C--,1,0,12,7,0.4
PRDM2_GRCh38_1:13782254-13782254_Frame-Shift-Del_DEL_A-A--,1,0,12,7,0.4
MCHR2_GRCh38_6:99934482-99934482_Frame-Shift-Del_DEL_A-A--,1,0,12,7,0.4
DAZAP1_GRCh38_19:1434831-1434831_Frame-Shift-Del_DEL_G-G--,1,0,12,7,0.4
SSC5D_GRCh38_19:55490908-55490909_Frame-Shift-Ins_INS_----G,1,0,12,7,0.4
PPP2R3C_GRCh38_14:35116729-35116729_Frame-Shift-Del_DEL_T-T--,1,0,12,7,0.4
RABGAP1L_GRCh38_1:174964922-174964922_5'UTR_DEL_T-T--,1,0,12,7,0.4
EPHA2_GRCh38_1:16135704-16135704_Frame-Shift-Del_DEL_G-G--,1,0,12,7,0.4
IFI16_GRCh38_1:159054953-159054953_3'UTR_DEL_A-A--,1,0,12,7,0.4
GALC_GRCh38_14:87939932-87939932_Frame-Shift-Del_DEL_T-T--,1,0,12,7,0.4
NLGN3_GRCh38_X:71169885-71169885_Frame-Shift-Del_DEL_C-C--,1,0,12,7,0.4
PIK3CA_GRCh38_3:179234296-179234296_Missense-Mutation_SNP_C-C-T,1,0,12,7,0.4
NOP14_GRCh38_4:2938231-2938231_Intron_DEL_A-A--,1,0,12,7,0.4
ARID1A_GRCh38_1:26779439-26779440_Frame-Shift-Ins_INS_----G,1,0,12,7,0.4
FCHO2_GRCh38_5:72968502-72968502_Frame-Shift-Del_DEL_A-A--,1,0,12,7,0.4
PTEN_GRCh38_10:87965474-87965474_3'UTR_DEL_T-T--,1,0,12,7,0.4
ARL15_GRCh38_5:54310518-54310518_5'UTR_DEL_A-A--,1,0,12,7,0.4
PNISR_GRCh38_6:99400315-99400315_3'UTR_DEL_A-A--,1,0,12,7,0.4
SPEF2_GRCh38_5:35705792-35705792_Frame-Shift-Del_DEL_A-A--,1,0,12,7,0.4
ASXL1_GRCh38_20:32434639-32434639_Frame-Shift-Del_DEL_G-G--,1,1,11,7,1
KMT2D_GRCh38_12:49040709-49040709_Frame-Shift-Del_DEL_G-G--,1,0,12,7,0.4
USP9X_GRCh38_X:41123704-41123704_Frame-Shift-Del_DEL_C-C--,1,0,12,7,0.4
CCDC6_GRCh38_10:59852589-59852591_In-Frame-Del_DEL_TTC-TTC--,1,0,12,7,0.4
CELSR1_GRCh38_22:46535330-46535330_Frame-Shift-Del_DEL_C-C--,1,1,11,7,1
INO80E_GRCh38_16:29996344-29996344_Frame-Shift-Del_DEL_A-A--,1,0,12,7,0.4
NIPBL_GRCh38_5:37064797-37064797_Frame-Shift-Del_DEL_A-A--,1,0,12,7,0.4
PLEKHA6_GRCh38_1:204259283-204259283_Frame-Shift-Del_DEL_C-C--,1,0,12,7,0.4
POF1B_GRCh38_X:85279378-85279378_3'UTR_SNP_A-A-C,1,0,12,7,0.4
NBEA_GRCh38_13:35159526-35159526_Frame-Shift-Del_DEL_A-A--,1,0,12,7,0.4
ANXA13_GRCh38_8:123695522-123695522_Frame-Shift-Del_DEL_T-T--,1,0,12,7,0.4
VEGFB_GRCh38_11:64237191-64237191_Frame-Shift-Del_DEL_A-A--,1,0,12,7,0.4
CCDC181_GRCh38_1:169397342-169397342_Frame-Shift-Del_DEL_T-T--,1,0,12,7,0.4
ZMYM4_GRCh38_1:35381359-35381359_Frame-Shift-Del_DEL_A-A--,1,0,12,7,0.4
KCTD3_GRCh38_1:215620580-215620580_Frame-Shift-Del_DEL_A-A--,1,0,12,7,0.4
EML4_GRCh38_2:42261162-42261162_Frame-Shift-Del_DEL_A-A--,1,0,12,7,0.4
RABGAP1_GRCh38_9:123098763-123098763_Frame-Shift-Del_DEL_A-A--,1,0,12,7,0.4
GAS2L2_GRCh38_17:35746271-35746271_Frame-Shift-Del_DEL_G-G--,1,0,12,7,0.4
ZC3H18_GRCh38_16:88624733-88624733_Frame-Shift-Del_DEL_C-C--,1,0,12,7,0.4
CR2_GRCh38_1:207468699-207468699_Frame-Shift-Del_DEL_C-C--,1,0,12,7,0.4
OSBPL1A_GRCh38_18:24170367-24170367_Frame-Shift-Del_DEL_T-T--,1,1,11,7,1
ADAMTS2_GRCh38_5:179135979-179135979_Missense-Mutation_SNP_C-C-T,1,0,12,7,0.4
ATF5_GRCh38_19:49930954-49930954_Frame-Shift-Del_DEL_C-C--,1,0,12,7,0.4
NELFE_GRCh38_6:31958429-31958429_Frame-Shift-Del_DEL_G-G--,1,0,12,7,0.4
CDC7_GRCh38_1:91501800-91501800_Frame-Shift-Del_DEL_A-A--,1,0,12,7,0.4
SMC2_GRCh38_9:104123220-104123220_Frame-Shift-Del_DEL_A-A--,1,0,12,7,0.4
TTK_GRCh38_6:80010913-80010913_Frame-Shift-Del_DEL_A-A--,1,0,12,7,0.4
FRYL_GRCh38_4:48634418-48634418_5'UTR_DEL_T-T--,1,0,12,7,0.4
C9orf131_GRCh38_9:35043653-35043653_Frame-Shift-Del_DEL_C-C--,1,0,12,7,0.4
FXR1_GRCh38_3:180948440-180948440_Frame-Shift-Del_DEL_A-A--,1,0,12,7,0.4
SCML2_GRCh38_X:18241246-18241246_3'UTR_DEL_T-T--,1,0,12,7,0.4
ELK1_GRCh38_X:47636821-47636821_3'UTR_SNP_G-G-A,1,0,12,7,0.4
WNK4_GRCh38_17:42787852-42787852_Frame-Shift-Del_DEL_G-G--,1,0,12,7,0.4
LGSN_GRCh38_6:63280902-63280902_Missense-Mutation_SNP_C-C-T,1,0,12,7,0.4
RASA1_GRCh38_5:87379754-87379754_Frame-Shift-Del_DEL_A-A--,1,0,12,7,0.4
BNIP1_GRCh38_5:173151608-173151608_Intron_DEL_T-T--,1,0,12,7,0.4
DYRK1A_GRCh38_21:37480756-37480757_Frame-Shift-Ins_INS_----A,1,0,12,7,0.4
PVRIG_GRCh38_7:100220225-100220225_Frame-Shift-Del_DEL_G-G--,1,0,12,7,0.4
ARID1A_GRCh38_1:26779440-26779440_Frame-Shift-Del_DEL_G-G--,1,0,12,7,0.4
KCNB2_GRCh38_8:72568162-72568162_Frame-Shift-Del_DEL_A-A--,1,0,12,7,0.4
COBLL1_GRCh38_2:164694786-164694786_Frame-Shift-Del_DEL_A-A--,1,1,11,7,1
CEACAM18_GRCh38_19:51483195-51483195_Silent_SNP_G-G-A,1,0,12,7,0.4
SPECC1_GRCh38_17:20204950-20204950_Frame-Shift-Del_DEL_A-A--,1,0,12,7,0.4
SALL4_GRCh38_20:51784444-51784444_Frame-Shift-Del_DEL_C-C--,1,0,12,7,0.4
TRIO_GRCh38_5:14476895-14476895_Frame-Shift-Del_DEL_T-T--,1,0,12,7,0.4
BCOR_GRCh38_X:40062191-40062191_Missense-Mutation_SNP_T-T-C,1,0,12,7,0.4
TCF19_GRCh38_6:31159535-31159535_Frame-Shift-Del_DEL_C-C--,1,0,12,7,0.4
FANCM_GRCh38_14:45176752-45176752_Frame-Shift-Del_DEL_A-A--,1,0,12,7,0.4
HDAC4_GRCh38_2:239081127-239081127_Frame-Shift-Del_DEL_G-G--,1,0,12,7,0.4
POLR2A_GRCh38_17:7499400-7499400_Frame-Shift-Del_DEL_C-C--,1,0,12,7,0.4
STAMBPL1_GRCh38_10:88922389-88922389_Frame-Shift-Del_DEL_A-A--,1,0,12,7,0.4
CBLN3_GRCh38_14:24428849-24428849_Frame-Shift-Del_DEL_G-G--,1,0,12,7,0.4
MEGF8_GRCh38_19:42334146-42334146_Frame-Shift-Del_DEL_G-G--,1,0,12,7,0.4
ILK_GRCh38_11:6608162-6608162_Frame-Shift-Del_DEL_C-C--,1,0,12,7,0.4
MBD6_GRCh38_12:57527618-57527618_Frame-Shift-Del_DEL_C-C--,1,0,12,7,0.4
WDR5_GRCh38_9:134154476-134154476_Frame-Shift-Del_DEL_C-C--,1,0,12,7,0.4
NT5M_GRCh38_17:17346876-17346876_Frame-Shift-Del_DEL_C-C--,1,0,12,7,0.4
CD4_GRCh38_12:6814877-6814877_Frame-Shift-Del_DEL_G-G--,1,0,12,7,0.4
MYRF_GRCh38_11:61771541-61771541_Frame-Shift-Del_DEL_C-C--,0,1,11,8,1
FBXW7_GRCh38_4:152326136-152326136_Missense-Mutation_SNP_C-C-T_C-C-A,0,1,11,8,1
SOX7_GRCh38_8:10726136-10726136_Frame-Shift-Del_DEL_G-G--,0,1,11,8,1
PIK3R1_GRCh38_5:68295418-68295418_Splice-Site_SNP_A-A-T_A-A-G,0,1,11,8,1
FBXW7_GRCh38_4:152326214-152326214_Missense-Mutation_SNP_C-C-T,0,1,11,8,1
PRKAA2_GRCh38_1:56691421-56691421_Frame-Shift-Del_DEL_T-T--,0,1,11,8,1
SLC9A4_GRCh38_2:102532678-102532678_Frame-Shift-Del_DEL_A-A--,0,1,11,8,1
PPP2R1A_GRCh38_19:52212718-52212718_Missense-Mutation_SNP_C-C-G_C-C-T,0,1,11,8,1
TIMM44_GRCh38_19:7938090-7938090_Frame-Shift-Del_DEL_T-T--,0,1,11,8,1
PKP4_GRCh38_2:158680801-158680801_3'UTR_DEL_T-T--,0,1,11,8,1
DENND4B_GRCh38_1:153944377-153944377_5'UTR_DEL_C-C--,0,1,11,8,1
SYNE1_GRCh38_6:152330464-152330464_Missense-Mutation_SNP_G-G-A,0,1,11,8,1
TP53_GRCh38_17:7674221-7674221_Missense-Mutation_SNP_G-G-A,0,2,10,8,0.494736842
PIK3CA_GRCh38_3:179218294-179218294_Missense-Mutation_SNP_G-G-A_G-G-C,0,1,11,8,1
HCN1_GRCh38_5:45262450-45262450_Missense-Mutation_SNP_C-C-T,0,1,11,8,1
ABCC5_GRCh38_3:183947469-183947469_Frame-Shift-Del_DEL_A-A--,0,1,11,8,1
CNGB1_GRCh38_16:57911770-57911770_Silent_SNP_G-G-A,0,1,11,8,1
USP34_GRCh38_2:61232520-61232520_Missense-Mutation_SNP_G-G-A,0,1,11,8,1
TP53_GRCh38_17:7675088-7675088_Missense-Mutation_SNP_C-C-T,0,1,11,8,1
TP53_GRCh38_17:7674220-7674220_Missense-Mutation_SNP_C-C-T,0,2,10,8,0.494736842
GABRA4_GRCh38_4:46928493-46928493_Missense-Mutation_SNP_C-C-T,0,1,11,8,1
URB1_GRCh38_21:32314520-32314520_3'UTR_DEL_A-A--,0,1,11,8,1
RRAS2_GRCh38_11:14294844-14294844_Missense-Mutation_SNP_T-T-A,0,1,11,8,1
