TCGA-AX-A1C4-01,FAM46A_GRCh38_6:81748276-81748276_3'UTR_DEL_T-T--,BCL11A_GRCh38_2:60458034-60458034_3'UTR_DEL_T-T--,ZFP30_GRCh38_19:37634956-37634956_3'UTR_SNP_C-C-T,XPO4_GRCh38_13:20779488-20779488_3'UTR_DEL_A-A--,ZNF609_GRCh38_15:64675048-64675048_Frame-Shift-Del_DEL_A-A--,RANBP10_GRCh38_16:67725950-67725950_3'UTR_DEL_T-T--,LMAN1_GRCh38_18:59345962-59345962_Frame-Shift-Del_DEL_T-T--,RPL22_GRCh38_1:6197725-6197725_Frame-Shift-Del_DEL_T-T--,C20orf85_GRCh38_20:58160671-58160671_Frame-Shift-Del_DEL_C-C--,FAM126B_GRCh38_2:200980675-200980675_3'UTR_DEL_G-G--,KIAA2018_GRCh38_3:113661243-113661243_Frame-Shift-Del_DEL_T-T--,MAGI1_GRCh38_3:65354903-65354903_3'Flank_DEL_T-T--,FBN2_GRCh38_5:128258372-128258372_3'UTR_DEL_A-A--,PNISR_GRCh38_6:99400160-99400160_3'UTR_DEL_A-A--,XKR6_GRCh38_8:10897593-10897593_3'UTR_DEL_T-T--,GOLGA7_GRCh38_8:41509834-41509834_3'UTR_DEL_T-T--,CNTLN_GRCh38_9:17484355-17484355_Frame-Shift-Del_DEL_A-A--,ZXDB_GRCh38_X:57591948-57591948_5'UTR_DEL_T-T--,AGAP5_GRCh38_10:73674293-73674293_3'UTR_SNP_T-T-C,MED13L_GRCh38_12:115959752-115959752_3'UTR_DEL_T-T--,PCDH9_GRCh38_13:66303095-66303095_3'UTR_DEL_T-T--,DRD5_GRCh38_4:9783725-9783725_3'UTR_SNP_G-G-C,SOWAHA_GRCh38_5:132815809-132815809_3'UTR_DEL_T-T--,ANKRD26_GRCh38_10:27033330-27033330_Frame-Shift-Del_DEL_T-T--,DGKZ_GRCh38_11:46379202-46379203_Frame-Shift-Ins_INS_----C,YAF2_GRCh38_12:42235761-42235761_Intron_DEL_A-A--,SLITRK1_GRCh38_13:83878529-83878529_3'UTR_DEL_A-A--,BTBD7_GRCh38_14:93241685-93241685_3'UTR_DEL_A-A--,SRRM2_GRCh38_16:2756345-2756345_5'UTR_DEL_C-C--,CRHR1_GRCh38_17:45835335-45835335_3'UTR_DEL_C-C--,RC3H1_GRCh38_1:173938404-173938404_3'UTR_DEL_T-T--,NEXN_GRCh38_1:77942858-77942858_3'UTR_DEL_T-T--,NCOA3_GRCh38_20:47654241-47654241_3'Flank_DEL_T-T--,NRIP1_GRCh38_21:14964022-14964022_3'UTR_DEL_T-T--,SMTN_GRCh38_22:31089936-31089936_Frame-Shift-Del_DEL_C-C--,BHLHE40_GRCh38_3:4985034-4985034_3'UTR_DEL_T-T--,MITF_GRCh38_3:69965654-69965654_3'UTR_DEL_A-A--,CSNK1A1_GRCh38_5:149496155-149496155_3'UTR_DEL_T-T--,NSD1_GRCh38_5:177295542-177295542_3'UTR_DEL_A-A--,KMT2C_GRCh38_7:152136557-152136557_3'UTR_DEL_A-A--,RSBN1L_GRCh38_7:77779389-77779389_3'UTR_DEL_A-A--,TMEM60_GRCh38_7:77794143-77794143_Frame-Shift-Del_DEL_T-T--,CNOT7_GRCh38_8:17230615-17230615_3'UTR_DEL_G-G--,CCNE2_GRCh38_8:94880765-94880765_3'UTR_DEL_A-A--,MUM1L1_GRCh38_X:106207643-106207643_3'UTR_DEL_T-T--,ANK3_GRCh38_10:60028859-60028859_3'UTR_DEL_T-T--,ELMSAN1_GRCh38_14:73739070-73739070_Frame-Shift-Del_DEL_G-G--,ZNRF1_GRCh38_16:75108005-75108005_3'UTR_DEL_A-A--,ZNF281_GRCh38_1:200406721-200406721_3'UTR_DEL_T-T--,NR4A2_GRCh38_2:156325091-156325091_3'UTR_DEL_T-T--,GPAT2_GRCh38_2:96021409-96021409_RNA_DEL_C-C--,CDC25A_GRCh38_3:48158363-48158363_3'UTR_DEL_T-T--,HAND2_GRCh38_4:173527070-173527070_3'UTR_DEL_T-T--,DIAPH1_GRCh38_5:141515133-141515134_3'UTR_DEL_CT-CT--,RBM27_GRCh38_5:146267757-146267757_Frame-Shift-Del_DEL_A-A--,SYNE1_GRCh38_6:152121856-152121856_3'UTR_DEL_A-A--,ATXN1_GRCh38_6:16300672-16300672_3'UTR_DEL_T-T--,SH3PXD2A_GRCh38_10:103596570-103596570_3'UTR_DEL_T-T--,AGAP5_GRCh38_10:73674303-73674303_3'UTR_SNP_C-C-A,OR51E2_GRCh38_11:4682245-4682245_Frame-Shift-Del_DEL_A-A--,ZNRF1_GRCh38_16:75108604-75108604_3'UTR_DEL_A-A--,MED13_GRCh38_17:61943847-61943847_3'UTR_DEL_A-A--,ACTG1_GRCh38_17:81510095-81510095_3'UTR_DEL_A-A--,EIF4G3_GRCh38_1:20806794-20806794_3'UTR_DEL_A-A--,ZMYM6_GRCh38_1:35019311-35019311_Intron_DEL_A-A--,PAQR9_GRCh38_3:142961291-142961291_3'UTR_DEL_A-A--,MAK_GRCh38_6:10764140-10764140_3'UTR_DEL_T-T--,AMMECR1_GRCh38_X:110198265-110198265_3'UTR_DEL_A-A--,UBE2A_GRCh38_X:119584369-119584369_3'UTR_DEL_A-A--,PIK3CA_GRCh38_3:179210192-179210192_Missense-Mutation_SNP_T-T-C,SENP1_GRCh38_12:48044320-48044320_3'UTR_DEL_A-A--,NTAN1_GRCh38_16:15038133-15038133_Frame-Shift-Del_DEL_T-T--,MORC3_GRCh38_21:36375564-36375564_3'UTR_DEL_T-T--,CALU_GRCh38_7:128771280-128771280_3'UTR_DEL_T-T--,DUSP5_GRCh38_10:110511388-110511388_3'UTR_DEL_T-T--,TRIM9_GRCh38_14:50976115-50976115_3'UTR_DEL_T-T--,MKRN3_GRCh38_15:23567536-23567536_3'UTR_DEL_T-T--,ZCCHC2_GRCh38_18:62576919-62576919_3'UTR_DEL_T-T--,PRRX1_GRCh38_1:170736275-170736275_3'UTR_SNP_A-A-G,NBEAL1_GRCh38_2:203057335-203057335_Frame-Shift-Del_DEL_A-A--,KIAA1919_GRCh38_6:111266158-111266158_Frame-Shift-Del_DEL_T-T--,SLC35F1_GRCh38_6:118316917-118316917_3'UTR_DEL_A-A--,PNISR_GRCh38_6:99400315-99400315_3'UTR_DEL_A-A--,PLAG1_GRCh38_8:56163684-56163684_3'UTR_SNP_C-C-T,ZFHX3_GRCh38_16:72957859-72957859_Frame-Shift-Del_DEL_C-C--,FAHD2A_GRCh38_2:95412718-95412718_Frame-Shift-Del_DEL_C-C--,DENND6A_GRCh38_3:57625641-57625641_3'UTR_DEL_A-A--,FAM19A2_GRCh38_12:61709169-61709169_3'UTR_DEL_A-A--,SMEK2_GRCh38_2:55548689-55548689_3'UTR_DEL_T-T--,LRP12_GRCh38_8:104489259-104489259_3'UTR_DEL_A-A--,GSE1_GRCh38_16:85648684-85648684_Frame-Shift-Del_DEL_C-C--,VAPA_GRCh38_18:9954789-9954789_3'UTR_DEL_A-A--,BRSK1_GRCh38_19:55303668-55303668_Frame-Shift-Del_DEL_C-C--,TNRC18_GRCh38_7:5361628-5361628_Frame-Shift-Del_DEL_G-G--,EPPK1_GRCh38_8:143867210-143867210_Frame-Shift-Del_DEL_C-C--,SGMS1_GRCh38_10:50306552-50306552_3'UTR_DEL_T-T--,FBXL3_GRCh38_13:77006779-77006779_3'UTR_DEL_T-T--,SSTR4_GRCh38_20:23035812-23035812_Missense-Mutation_SNP_G-G-A,FLNB_GRCh38_3:58104061-58104061_Frame-Shift-Del_DEL_G-G--,CCDC90B_GRCh38_11:83255889-83255889_3'Flank_DEL_A-A--,DYRK2_GRCh38_12:67660362-67660362_3'UTR_DEL_A-A--,HS2ST1_GRCh38_1:87108937-87108937_3'UTR_DEL_T-T--,ZNF148_GRCh38_3:125230994-125230994_3'UTR_DEL_A-A--,MEF2C_GRCh38_5:88722012-88722012_3'UTR_DEL_T-T--,ERO1L_GRCh38_14:52642635-52642636_3'UTR_DEL_TG-TG--,BAZ2B_GRCh38_2:159320135-159320135_3'UTR_DEL_T-T--,TMEM64_GRCh38_8:90625526-90625526_3'UTR_DEL_A-A--,FAM178A_GRCh38_10:100963786-100963786_3'UTR_DEL_T-T--,API5_GRCh38_11:43343195-43343196_3'Flank_DEL_TG-TG--,SLC39A9_GRCh38_14:69461640-69461640_3'Flank_DEL_T-T--,NLK_GRCh38_17:28196165-28196165_3'UTR_DEL_T-T--,CAPN12_GRCh38_19:38730431-38730431_3'UTR_DEL_T-T--,DENND1C_GRCh38_19:6477240-6477240_Frame-Shift-Del_DEL_G-G--,OTUD7B_GRCh38_1:149942842-149942842_3'UTR_DEL_A-A--,HP1BP3_GRCh38_1:20743123-20743123_3'UTR_DEL_T-T--,DLGAP4_GRCh38_20:36528220-36528220_3'UTR_DEL_T-T--,SIK1_GRCh38_21:43415699-43415699_3'UTR_DEL_A-A--,SMARCC1_GRCh38_3:47586044-47586044_3'UTR_DEL_C-C--,RHOBTB3_GRCh38_5:95793485-95793485_3'UTR_DEL_A-A--,MARCKS_GRCh38_6:113861588-113861588_3'UTR_SNP_G-G-A,ARL2BP_GRCh38_16:57252943-57252943_3'UTR_DEL_A-A--,HOXC4_GRCh38_12:54055464-54055464_3'Flank_DEL_T-T--,ADAMTS5_GRCh38_21:26921170-26921170_3'UTR_DEL_T-T--,BACE2_GRCh38_21:41168562-41168562_Frame-Shift-Del_DEL_C-C--,AP1S1_GRCh38_7:101159124-101159124_Frame-Shift-Del_DEL_G-G--,PROSER2_GRCh38_10:11870854-11870854_3'UTR_DEL_A-A--,FGFR2_GRCh38_10:121515260-121515260_Missense-Mutation_SNP_A-A-G,ZMIZ1_GRCh38_10:79315860-79315860_3'UTR_DEL_A-A--,TNKS2_GRCh38_10:91842189-91842189_Frame-Shift-Del_DEL_A-A--,LDLRAD3_GRCh38_11:36230732-36230732_3'UTR_DEL_T-T--,ALX4_GRCh38_11:44265074-44265074_Frame-Shift-Del_DEL_G-G--,OAS2_GRCh38_12:113005025-113005025_Frame-Shift-Del_DEL_A-A--,MBD6_GRCh38_12:57527219-57527219_Frame-Shift-Del_DEL_C-C--,TMBIM4_GRCh38_12:66138157-66138157_Frame-Shift-Del_DEL_A-A--,CNOT2_GRCh38_12:70354601-70354601_3'UTR_DEL_T-T--,CEP290_GRCh38_12:88059898-88059898_Frame-Shift-Del_DEL_T-T--,TFDP1_GRCh38_13:113640320-113640320_3'UTR_DEL_T-T--,CDX2_GRCh38_13:27963141-27963141_Frame-Shift-Del_DEL_C-C--,EBPL_GRCh38_13:49661073-49661073_Frame-Shift-Del_DEL_A-A--,NOVA1_GRCh38_14:26597336-26597336_Frame-Shift-Del_DEL_G-G--,HIF1A_GRCh38_14:61747969-61747969_3'UTR_DEL_A-A--,BCL11B_GRCh38_14:99173614-99173614_3'UTR_DEL_A-A--,TJP1_GRCh38_15:29700454-29700454_3'UTR_DEL_A-A--,PIAS1_GRCh38_15:68187958-68187958_3'UTR_DEL_T-T--,MESDC1_GRCh38_15:81003922-81003922_3'UTR_DEL_T-T--,SLCO3A1_GRCh38_15:92163211-92163211_3'UTR_DEL_A-A--,IGF1R_GRCh38_15:98963173-98963173_3'UTR_DEL_T-T--,UNKL_GRCh38_16:1365793-1365793_3'UTR_DEL_A-A--,SLX4_GRCh38_16:3597656-3597656_Frame-Shift-Del_DEL_G-G--,TOP3A_GRCh38_17:18314651-18314651_Frame-Shift-Del_DEL_T-T--,UBBP4_GRCh38_17:22204883-22204883_Frame-Shift-Del_DEL_C-C--,SRR_GRCh38_17:2324062-2324062_3'UTR_DEL_A-A--,NT5C3B_GRCh38_17:41825180-41825181_3'Flank_INS_----T,HDAC5_GRCh38_17:44117558-44117558_5'UTR_SNP_C-C-T,MYBBP1A_GRCh38_17:4539348-4539348_3'UTR_SNP_A-A-T,CDR2L_GRCh38_17:75005396-75005396_3'UTR_DEL_G-G--,CYTH1_GRCh38_17:78675940-78675940_3'UTR_DEL_A-A--,TSPAN10_GRCh38_17:81645298-81645298_Missense-Mutation_SNP_C-C-G,TCF4_GRCh38_18:55228289-55228289_Frame-Shift-Del_DEL_G-G--,PDE4A_GRCh38_19:10467910-10467910_3'UTR_DEL_A-A--,RAB8A_GRCh38_19:16133454-16133454_3'UTR_DEL_T-T--,CHERP_GRCh38_19:16525621-16525621_Frame-Shift-Del_DEL_G-G--,SIX5_GRCh38_19:45765849-45765849_Frame-Shift-Del_DEL_G-G--,SLC19A2_GRCh38_1:169464202-169464202_3'UTR_DEL_A-A--,HNRNPR_GRCh38_1:23310382-23310382_3'UTR_DEL_T-T--,ZNF124_GRCh38_1:247156607-247156607_Frame-Shift-Del_DEL_T-T--,ARID1A_GRCh38_1:26772612-26772612_Frame-Shift-Del_DEL_C-C--,SYTL1_GRCh38_1:27353864-27353865_3'UTR_DEL_CT-CT--,AHDC1_GRCh38_1:27550358-27550358_Frame-Shift-Del_DEL_T-T--,TMEM189_GRCh38_20:50124299-50124299_3'UTR_DEL_A-A--,COL18A1_GRCh38_21:45505383-45505383_Frame-Shift-Del_DEL_C-C--,CELSR1_GRCh38_22:46397831-46397831_Frame-Shift-Del_DEL_C-C--,DDX18_GRCh38_2:117830770-117830770_3'UTR_DEL_T-T--,ACKR3_GRCh38_2:236582321-236582321_3'UTR_DEL_T-T--,HDAC4_GRCh38_2:239052414-239052414_3'UTR_DEL_A-A--,PPP1CB_GRCh38_2:28801054-28801054_3'UTR_DEL_T-T--,LHCGR_GRCh38_2:48687644-48687644_3'UTR_DEL_T-T--,BCL11A_GRCh38_2:60457367-60457368_3'UTR_DEL_AA-AA--,CNNM4_GRCh38_2:96809795-96809795_3'UTR_DEL_T-T--,DCUN1D1_GRCh38_3:182944148-182944148_3'UTR_DEL_A-A--,COL7A1_GRCh38_3:48575438-48575438_Frame-Shift-Del_DEL_G-G--,ELOVL6_GRCh38_4:110049888-110049888_3'UTR_DEL_T-T--,NCAPG_GRCh38_4:17844388-17844388_3'UTR_DEL_T-T--,GAK_GRCh38_4:890593-890593_Silent_SNP_G-G-A,CDC25C_GRCh38_5:138292001-138292001_Frame-Shift-Del_DEL_T-T--,ARHGAP26_GRCh38_5:143223251-143223251_3'UTR_DEL_T-T--,PPARGC1B_GRCh38_5:149826823-149826823_Frame-Shift-Del_DEL_C-C--,ARL15_GRCh38_5:54310518-54310518_5'UTR_DEL_A-A--,MSH3_GRCh38_5:80675096-80675096_Frame-Shift-Del_DEL_A-A--,MARCKS_GRCh38_6:113860720-113860740_3'UTR_DEL_TAAGCACCAAATTTTGTTGTT-TAAGCACCAAATTTTGTTGTT-AATCACCAAATTTTGTTG_TAAGCACCAAATTTTGTTGTT-TAAGCACCAAATTTTGTTGTT-AAGCACCAAATTTTGTTG,ARID1B_GRCh38_6:157208643-157208643_3'UTR_DEL_T-T--,AGPAT4_GRCh38_6:161136352-161136352_3'UTR_DEL_A-A--,ATXN1_GRCh38_6:16304301-16304301_3'UTR_DEL_T-T--,TNXB_GRCh38_6:32089044-32089044_Silent_SNP_G-G-A,TNFRSF21_GRCh38_6:47232564-47232564_3'UTR_DEL_A-A--,CENPQ_GRCh38_6:49492282-49492282_3'UTR_DEL_T-T--,CYB5R4_GRCh38_6:83864214-83864214_Nonsense-Mutation_SNP_C-C-T,MKLN1_GRCh38_7:131491919-131491919_3'UTR_DEL_A-A--,ARHGEF35_GRCh38_7:144187219-144187219_Frame-Shift-Del_DEL_C-C--,PRKAG2_GRCh38_7:151806945-151806945_RNA_DEL_A-A--,ZNF716_GRCh38_7:57470106-57470106_3'UTR_DEL_A-A--,XKR6_GRCh38_8:10897800-10897800_3'UTR_DEL_T-T--,TRPS1_GRCh38_8:115668684-115668684_5'UTR_DEL_C-C--,KIAA1456_GRCh38_8:13025980-13025980_3'UTR_DEL_A-A--,PRKDC_GRCh38_8:47788993-47788994_Frame-Shift-Ins_INS_----T,STK3_GRCh38_8:98454810-98454810_3'UTR_DEL_T-T--,WDR5_GRCh38_9:134154476-134154476_Frame-Shift-Del_DEL_C-C--,MLLT3_GRCh38_9:20622296-20622296_5'UTR_DEL_C-C--,TLE4_GRCh38_9:79725886-79725886_3'Flank_DEL_T-T--,MAP7D3_GRCh38_X:136232035-136232035_Frame-Shift-Del_DEL_G-G--,FMR1_GRCh38_X:147950083-147950083_3'UTR_DEL_T-T--,GLRA2_GRCh38_X:14731675-14731675_3'UTR_DEL_A-A--,UBQLN2_GRCh38_X:56566920-56566920_3'UTR_DEL_A-A--,DLG3_GRCh38_X:70502425-70502425_3'UTR_DEL_T-T--
TCGA-BG-A187-01,PIK3CA_GRCh38_3:179210192-179210192_Missense-Mutation_SNP_T-T-C,NYAP2_GRCh38_2:225582039-225582039_Missense-Mutation_SNP_G-G-A,KRAS_GRCh38_12:25245351-25245351_Missense-Mutation_SNP_C-C-A_C-C-T,PIK3CA_GRCh38_3:179199103-179199103_Missense-Mutation_SNP_G-G-A,CTNNB1_GRCh38_3:41224634-41224634_Missense-Mutation_SNP_C-C-T,,,,,,,,,,,,,,,,,,,,,,,,,,,,,,,,,,,,,,,,,,,,,,,,,,,,,,,,,,,,,,,,,,,,,,,,,,,,,,,,,,,,,,,,,,,,,,,,,,,,,,,,,,,,,,,,,,,,,,,,,,,,,,,,,,,,,,,,,,,,,,,,,,,,,,,,,,,,,,,,,,,,,,,,,,,,,,,,,,,,,,,,,,,,,,,,,,,,,,,,,,,,,,,,,
TCGA-A5-A3LP-01,TP53_GRCh38_17:7673802-7673802_Missense-Mutation_SNP_C-C-T_C-C-A,PPP2R1A_GRCh38_19:52212718-52212718_Missense-Mutation_SNP_C-C-G_C-C-T,PIK3CA_GRCh38_3:179218294-179218294_Missense-Mutation_SNP_G-G-A_G-G-C,,,,,,,,,,,,,,,,,,,,,,,,,,,,,,,,,,,,,,,,,,,,,,,,,,,,,,,,,,,,,,,,,,,,,,,,,,,,,,,,,,,,,,,,,,,,,,,,,,,,,,,,,,,,,,,,,,,,,,,,,,,,,,,,,,,,,,,,,,,,,,,,,,,,,,,,,,,,,,,,,,,,,,,,,,,,,,,,,,,,,,,,,,,,,,,,,,,,,,,,,,,,,,,,,,,
TCGA-AJ-A23N-01,PPP2R1A_GRCh38_19:52212718-52212718_Missense-Mutation_SNP_C-C-G_C-C-T,CPXM2_GRCh38_10:123767110-123767110_Missense-Mutation_SNP_C-C-T,CHD4_GRCh38_12:6592417-6592417_Missense-Mutation_SNP_C-C-T,TP53_GRCh38_17:7675088-7675088_Missense-Mutation_SNP_C-C-T,FBXW7_GRCh38_4:152322940-152322940_Missense-Mutation_SNP_G-G-A,,,,,,,,,,,,,,,,,,,,,,,,,,,,,,,,,,,,,,,,,,,,,,,,,,,,,,,,,,,,,,,,,,,,,,,,,,,,,,,,,,,,,,,,,,,,,,,,,,,,,,,,,,,,,,,,,,,,,,,,,,,,,,,,,,,,,,,,,,,,,,,,,,,,,,,,,,,,,,,,,,,,,,,,,,,,,,,,,,,,,,,,,,,,,,,,,,,,,,,,,,,,,,,,,
TCGA-AJ-A3NF-01,PPP2R1A_GRCh38_19:52212718-52212718_Missense-Mutation_SNP_C-C-G_C-C-T,TP53_GRCh38_17:7675088-7675088_Missense-Mutation_SNP_C-C-T,,,,,,,,,,,,,,,,,,,,,,,,,,,,,,,,,,,,,,,,,,,,,,,,,,,,,,,,,,,,,,,,,,,,,,,,,,,,,,,,,,,,,,,,,,,,,,,,,,,,,,,,,,,,,,,,,,,,,,,,,,,,,,,,,,,,,,,,,,,,,,,,,,,,,,,,,,,,,,,,,,,,,,,,,,,,,,,,,,,,,,,,,,,,,,,,,,,,,,,,,,,,,,,,,,,,
TCGA-AJ-A3QS-01,FAM227B_GRCh38_15:49615199-49615199_5'UTR_SNP_G-G-T_G-G-C,PPP2R1A_GRCh38_19:52212718-52212718_Missense-Mutation_SNP_C-C-G_C-C-T,SPATA2_GRCh38_20:49908493-49908493_5'UTR_SNP_G-G-A_G-G-T,PIK3CA_GRCh38_3:179234219-179234219_Missense-Mutation_SNP_A-A-G,,,,,,,,,,,,,,,,,,,,,,,,,,,,,,,,,,,,,,,,,,,,,,,,,,,,,,,,,,,,,,,,,,,,,,,,,,,,,,,,,,,,,,,,,,,,,,,,,,,,,,,,,,,,,,,,,,,,,,,,,,,,,,,,,,,,,,,,,,,,,,,,,,,,,,,,,,,,,,,,,,,,,,,,,,,,,,,,,,,,,,,,,,,,,,,,,,,,,,,,,,,,,,,,,,
TCGA-AJ-A3TW-01,PIK3CA_GRCh38_3:179199148-179199148_Missense-Mutation_SNP_G-G-A,TP53_GRCh38_17:7674241-7674241_Missense-Mutation_SNP_G-G-C_G-G-T_G-G-A,SEMA4C_GRCh38_2:96861620-96861620_Missense-Mutation_SNP_G-G-A,,,,,,,,,,,,,,,,,,,,,,,,,,,,,,,,,,,,,,,,,,,,,,,,,,,,,,,,,,,,,,,,,,,,,,,,,,,,,,,,,,,,,,,,,,,,,,,,,,,,,,,,,,,,,,,,,,,,,,,,,,,,,,,,,,,,,,,,,,,,,,,,,,,,,,,,,,,,,,,,,,,,,,,,,,,,,,,,,,,,,,,,,,,,,,,,,,,,,,,,,,,,,,,,,,,
TCGA-AP-A0LF-01,POU3F3_GRCh38_2:104856599-104856599_Silent_SNP_C-C-T,PPP2R1A_GRCh38_19:52212718-52212718_Missense-Mutation_SNP_C-C-G_C-C-T,TP53_GRCh38_17:7673803-7673803_Missense-Mutation_SNP_G-G-A_G-G-T,,,,,,,,,,,,,,,,,,,,,,,,,,,,,,,,,,,,,,,,,,,,,,,,,,,,,,,,,,,,,,,,,,,,,,,,,,,,,,,,,,,,,,,,,,,,,,,,,,,,,,,,,,,,,,,,,,,,,,,,,,,,,,,,,,,,,,,,,,,,,,,,,,,,,,,,,,,,,,,,,,,,,,,,,,,,,,,,,,,,,,,,,,,,,,,,,,,,,,,,,,,,,,,,,,,
TCGA-AP-A1DQ-01,PPP2R1A_GRCh38_19:52212718-52212718_Missense-Mutation_SNP_C-C-G_C-C-T,TP53_GRCh38_17:7675088-7675088_Missense-Mutation_SNP_C-C-T,PIK3CA_GRCh38_3:179199142-179199142_Missense-Mutation_SNP_G-G-T_G-G-A,,,,,,,,,,,,,,,,,,,,,,,,,,,,,,,,,,,,,,,,,,,,,,,,,,,,,,,,,,,,,,,,,,,,,,,,,,,,,,,,,,,,,,,,,,,,,,,,,,,,,,,,,,,,,,,,,,,,,,,,,,,,,,,,,,,,,,,,,,,,,,,,,,,,,,,,,,,,,,,,,,,,,,,,,,,,,,,,,,,,,,,,,,,,,,,,,,,,,,,,,,,,,,,,,,,
TCGA-AX-A1C8-01,PPP2R1A_GRCh38_19:52212718-52212718_Missense-Mutation_SNP_C-C-G_C-C-T,HMGN5_GRCh38_X:81116291-81116291_Silent_SNP_G-G-T,FBXW7_GRCh38_4:152328358-152328358_Missense-Mutation_SNP_C-C-A_C-C-G,,,,,,,,,,,,,,,,,,,,,,,,,,,,,,,,,,,,,,,,,,,,,,,,,,,,,,,,,,,,,,,,,,,,,,,,,,,,,,,,,,,,,,,,,,,,,,,,,,,,,,,,,,,,,,,,,,,,,,,,,,,,,,,,,,,,,,,,,,,,,,,,,,,,,,,,,,,,,,,,,,,,,,,,,,,,,,,,,,,,,,,,,,,,,,,,,,,,,,,,,,,,,,,,,,,
TCGA-AX-A2HK-01,EOMES_GRCh38_3:27716831-27716831_3'UTR_SNP_G-G-A,PPP2R1A_GRCh38_19:52212718-52212718_Missense-Mutation_SNP_C-C-G_C-C-T,,,,,,,,,,,,,,,,,,,,,,,,,,,,,,,,,,,,,,,,,,,,,,,,,,,,,,,,,,,,,,,,,,,,,,,,,,,,,,,,,,,,,,,,,,,,,,,,,,,,,,,,,,,,,,,,,,,,,,,,,,,,,,,,,,,,,,,,,,,,,,,,,,,,,,,,,,,,,,,,,,,,,,,,,,,,,,,,,,,,,,,,,,,,,,,,,,,,,,,,,,,,,,,,,,,,
TCGA-AX-A3G1-01,PPP2R1A_GRCh38_19:52212718-52212718_Missense-Mutation_SNP_C-C-G_C-C-T,PIK3CA_GRCh38_3:179234289-179234289_Missense-Mutation_SNP_T-T-G_T-T-A,,,,,,,,,,,,,,,,,,,,,,,,,,,,,,,,,,,,,,,,,,,,,,,,,,,,,,,,,,,,,,,,,,,,,,,,,,,,,,,,,,,,,,,,,,,,,,,,,,,,,,,,,,,,,,,,,,,,,,,,,,,,,,,,,,,,,,,,,,,,,,,,,,,,,,,,,,,,,,,,,,,,,,,,,,,,,,,,,,,,,,,,,,,,,,,,,,,,,,,,,,,,,,,,,,,,
TCGA-AX-A3GI-01,PPP2R1A_GRCh38_19:52212718-52212718_Missense-Mutation_SNP_C-C-G_C-C-T,,,,,,,,,,,,,,,,,,,,,,,,,,,,,,,,,,,,,,,,,,,,,,,,,,,,,,,,,,,,,,,,,,,,,,,,,,,,,,,,,,,,,,,,,,,,,,,,,,,,,,,,,,,,,,,,,,,,,,,,,,,,,,,,,,,,,,,,,,,,,,,,,,,,,,,,,,,,,,,,,,,,,,,,,,,,,,,,,,,,,,,,,,,,,,,,,,,,,,,,,,,,,,,,,,,,,
TCGA-B5-A0K8-01,PPP2R1A_GRCh38_19:52212718-52212718_Missense-Mutation_SNP_C-C-G_C-C-T,USH2A_GRCh38_1:215648594-215648594_Missense-Mutation_SNP_G-G-A_G-G-T,,,,,,,,,,,,,,,,,,,,,,,,,,,,,,,,,,,,,,,,,,,,,,,,,,,,,,,,,,,,,,,,,,,,,,,,,,,,,,,,,,,,,,,,,,,,,,,,,,,,,,,,,,,,,,,,,,,,,,,,,,,,,,,,,,,,,,,,,,,,,,,,,,,,,,,,,,,,,,,,,,,,,,,,,,,,,,,,,,,,,,,,,,,,,,,,,,,,,,,,,,,,,,,,,,,,
TCGA-BK-A26L-01,PPP2R1A_GRCh38_19:52212718-52212718_Missense-Mutation_SNP_C-C-G_C-C-T,ADGB_GRCh38_6:146644775-146644775_Frame-Shift-Del_DEL_T-T--,FBXW7_GRCh38_4:152326136-152326136_Missense-Mutation_SNP_C-C-T_C-C-A,,,,,,,,,,,,,,,,,,,,,,,,,,,,,,,,,,,,,,,,,,,,,,,,,,,,,,,,,,,,,,,,,,,,,,,,,,,,,,,,,,,,,,,,,,,,,,,,,,,,,,,,,,,,,,,,,,,,,,,,,,,,,,,,,,,,,,,,,,,,,,,,,,,,,,,,,,,,,,,,,,,,,,,,,,,,,,,,,,,,,,,,,,,,,,,,,,,,,,,,,,,,,,,,,,,
TCGA-D1-A1NW-01,PPP2R1A_GRCh38_19:52212718-52212718_Missense-Mutation_SNP_C-C-G_C-C-T,TP53_GRCh38_17:7674872-7674872_Missense-Mutation_SNP_T-T-C,,,,,,,,,,,,,,,,,,,,,,,,,,,,,,,,,,,,,,,,,,,,,,,,,,,,,,,,,,,,,,,,,,,,,,,,,,,,,,,,,,,,,,,,,,,,,,,,,,,,,,,,,,,,,,,,,,,,,,,,,,,,,,,,,,,,,,,,,,,,,,,,,,,,,,,,,,,,,,,,,,,,,,,,,,,,,,,,,,,,,,,,,,,,,,,,,,,,,,,,,,,,,,,,,,,,
TCGA-D1-A3DH-01,PIK3CA_GRCh38_3:179218294-179218294_Missense-Mutation_SNP_G-G-A_G-G-C,C21orf91_GRCh38_21:17795264-17795264_Missense-Mutation_SNP_G-G-A,TP53_GRCh38_17:7674241-7674241_Missense-Mutation_SNP_G-G-C_G-G-T_G-G-A,CTR9_GRCh38_11:10752689-10752689_Silent_SNP_C-C-T,,,,,,,,,,,,,,,,,,,,,,,,,,,,,,,,,,,,,,,,,,,,,,,,,,,,,,,,,,,,,,,,,,,,,,,,,,,,,,,,,,,,,,,,,,,,,,,,,,,,,,,,,,,,,,,,,,,,,,,,,,,,,,,,,,,,,,,,,,,,,,,,,,,,,,,,,,,,,,,,,,,,,,,,,,,,,,,,,,,,,,,,,,,,,,,,,,,,,,,,,,,,,,,,,,
TCGA-D1-A3JQ-01,PPP2R1A_GRCh38_19:52212718-52212718_Missense-Mutation_SNP_C-C-G_C-C-T,TP53_GRCh38_17:7673803-7673803_Missense-Mutation_SNP_G-G-A_G-G-T,,,,,,,,,,,,,,,,,,,,,,,,,,,,,,,,,,,,,,,,,,,,,,,,,,,,,,,,,,,,,,,,,,,,,,,,,,,,,,,,,,,,,,,,,,,,,,,,,,,,,,,,,,,,,,,,,,,,,,,,,,,,,,,,,,,,,,,,,,,,,,,,,,,,,,,,,,,,,,,,,,,,,,,,,,,,,,,,,,,,,,,,,,,,,,,,,,,,,,,,,,,,,,,,,,,,
TCGA-DF-A2KR-01,KRAS_GRCh38_12:25245350-25245350_Missense-Mutation_SNP_C-C-A_C-C-T_C-C-G,PPP2R1A_GRCh38_19:52212718-52212718_Missense-Mutation_SNP_C-C-G_C-C-T,,,,,,,,,,,,,,,,,,,,,,,,,,,,,,,,,,,,,,,,,,,,,,,,,,,,,,,,,,,,,,,,,,,,,,,,,,,,,,,,,,,,,,,,,,,,,,,,,,,,,,,,,,,,,,,,,,,,,,,,,,,,,,,,,,,,,,,,,,,,,,,,,,,,,,,,,,,,,,,,,,,,,,,,,,,,,,,,,,,,,,,,,,,,,,,,,,,,,,,,,,,,,,,,,,,,
TCGA-EO-A1Y8-01,PIK3CA_GRCh38_3:179218303-179218303_Missense-Mutation_SNP_G-G-A_G-G-C,PPP2R1A_GRCh38_19:52212718-52212718_Missense-Mutation_SNP_C-C-G_C-C-T,FGFR2_GRCh38_10:121498520-121498520_Missense-Mutation_SNP_A-A-T_A-A-C,TP53_GRCh38_17:7674241-7674241_Missense-Mutation_SNP_G-G-C_G-G-T_G-G-A,,,,,,,,,,,,,,,,,,,,,,,,,,,,,,,,,,,,,,,,,,,,,,,,,,,,,,,,,,,,,,,,,,,,,,,,,,,,,,,,,,,,,,,,,,,,,,,,,,,,,,,,,,,,,,,,,,,,,,,,,,,,,,,,,,,,,,,,,,,,,,,,,,,,,,,,,,,,,,,,,,,,,,,,,,,,,,,,,,,,,,,,,,,,,,,,,,,,,,,,,,,,,,,,,,
TCGA-EO-A2CH-01,SLC24A1_GRCh38_15:65624777-65624777_Missense-Mutation_SNP_G-G-A,PPP2R1A_GRCh38_19:52212718-52212718_Missense-Mutation_SNP_C-C-G_C-C-T,ARID3B_GRCh38_15:74544321-74544321_Missense-Mutation_SNP_C-C-T,,,,,,,,,,,,,,,,,,,,,,,,,,,,,,,,,,,,,,,,,,,,,,,,,,,,,,,,,,,,,,,,,,,,,,,,,,,,,,,,,,,,,,,,,,,,,,,,,,,,,,,,,,,,,,,,,,,,,,,,,,,,,,,,,,,,,,,,,,,,,,,,,,,,,,,,,,,,,,,,,,,,,,,,,,,,,,,,,,,,,,,,,,,,,,,,,,,,,,,,,,,,,,,,,,,
TCGA-EO-A3B1-01,PPP2R1A_GRCh38_19:52212718-52212718_Missense-Mutation_SNP_C-C-G_C-C-T,TP53_GRCh38_17:7674220-7674220_Missense-Mutation_SNP_C-C-T,ROCK2_GRCh38_2:11182970-11182970_3'UTR_SNP_A-A-G,PIK3CA_GRCh38_3:179218305-179218305_Missense-Mutation_SNP_G-G-T_G-G-C,,,,,,,,,,,,,,,,,,,,,,,,,,,,,,,,,,,,,,,,,,,,,,,,,,,,,,,,,,,,,,,,,,,,,,,,,,,,,,,,,,,,,,,,,,,,,,,,,,,,,,,,,,,,,,,,,,,,,,,,,,,,,,,,,,,,,,,,,,,,,,,,,,,,,,,,,,,,,,,,,,,,,,,,,,,,,,,,,,,,,,,,,,,,,,,,,,,,,,,,,,,,,,,,,,
TCGA-EY-A1GC-01,PPP2R1A_GRCh38_19:52212718-52212718_Missense-Mutation_SNP_C-C-G_C-C-T,TP53_GRCh38_17:7673803-7673803_Missense-Mutation_SNP_G-G-A_G-G-T,,,,,,,,,,,,,,,,,,,,,,,,,,,,,,,,,,,,,,,,,,,,,,,,,,,,,,,,,,,,,,,,,,,,,,,,,,,,,,,,,,,,,,,,,,,,,,,,,,,,,,,,,,,,,,,,,,,,,,,,,,,,,,,,,,,,,,,,,,,,,,,,,,,,,,,,,,,,,,,,,,,,,,,,,,,,,,,,,,,,,,,,,,,,,,,,,,,,,,,,,,,,,,,,,,,,
TCGA-EY-A212-01,PPP2R1A_GRCh38_19:52212718-52212718_Missense-Mutation_SNP_C-C-G_C-C-T,,,,,,,,,,,,,,,,,,,,,,,,,,,,,,,,,,,,,,,,,,,,,,,,,,,,,,,,,,,,,,,,,,,,,,,,,,,,,,,,,,,,,,,,,,,,,,,,,,,,,,,,,,,,,,,,,,,,,,,,,,,,,,,,,,,,,,,,,,,,,,,,,,,,,,,,,,,,,,,,,,,,,,,,,,,,,,,,,,,,,,,,,,,,,,,,,,,,,,,,,,,,,,,,,,,,,
TCGA-FI-A2D2-01,PIK3CA_GRCh38_3:179234297-179234297_Missense-Mutation_SNP_A-A-T_A-A-G,PPP2R1A_GRCh38_19:52212718-52212718_Missense-Mutation_SNP_C-C-G_C-C-T,DRP2_GRCh38_X:101231691-101231691_Missense-Mutation_SNP_G-G-A,,,,,,,,,,,,,,,,,,,,,,,,,,,,,,,,,,,,,,,,,,,,,,,,,,,,,,,,,,,,,,,,,,,,,,,,,,,,,,,,,,,,,,,,,,,,,,,,,,,,,,,,,,,,,,,,,,,,,,,,,,,,,,,,,,,,,,,,,,,,,,,,,,,,,,,,,,,,,,,,,,,,,,,,,,,,,,,,,,,,,,,,,,,,,,,,,,,,,,,,,,,,,,,,,,,
TCGA-FI-A2EY-01,PPP2R1A_GRCh38_19:52212718-52212718_Missense-Mutation_SNP_C-C-G_C-C-T,TP53_GRCh38_17:7674241-7674241_Missense-Mutation_SNP_G-G-C_G-G-T_G-G-A,PRODH_GRCh38_22:18921389-18921389_Missense-Mutation_SNP_C-C-T,AGPAT3_GRCh38_21:43984694-43984694_3'UTR_SNP_G-G-T,,,,,,,,,,,,,,,,,,,,,,,,,,,,,,,,,,,,,,,,,,,,,,,,,,,,,,,,,,,,,,,,,,,,,,,,,,,,,,,,,,,,,,,,,,,,,,,,,,,,,,,,,,,,,,,,,,,,,,,,,,,,,,,,,,,,,,,,,,,,,,,,,,,,,,,,,,,,,,,,,,,,,,,,,,,,,,,,,,,,,,,,,,,,,,,,,,,,,,,,,,,,,,,,,,
TCGA-FI-A2F8-01,TP53_GRCh38_17:7674241-7674241_Missense-Mutation_SNP_G-G-C_G-G-T_G-G-A,,,,,,,,,,,,,,,,,,,,,,,,,,,,,,,,,,,,,,,,,,,,,,,,,,,,,,,,,,,,,,,,,,,,,,,,,,,,,,,,,,,,,,,,,,,,,,,,,,,,,,,,,,,,,,,,,,,,,,,,,,,,,,,,,,,,,,,,,,,,,,,,,,,,,,,,,,,,,,,,,,,,,,,,,,,,,,,,,,,,,,,,,,,,,,,,,,,,,,,,,,,,,,,,,,,,,
TCGA-K6-A3WQ-01,PIK3CA_GRCh38_3:179234297-179234297_Missense-Mutation_SNP_A-A-T_A-A-G,PPP2R1A_GRCh38_19:52212718-52212718_Missense-Mutation_SNP_C-C-G_C-C-T,,,,,,,,,,,,,,,,,,,,,,,,,,,,,,,,,,,,,,,,,,,,,,,,,,,,,,,,,,,,,,,,,,,,,,,,,,,,,,,,,,,,,,,,,,,,,,,,,,,,,,,,,,,,,,,,,,,,,,,,,,,,,,,,,,,,,,,,,,,,,,,,,,,,,,,,,,,,,,,,,,,,,,,,,,,,,,,,,,,,,,,,,,,,,,,,,,,,,,,,,,,,,,,,,,,,
TCGA-KP-A3W3-01,PPP2R1A_GRCh38_19:52212718-52212718_Missense-Mutation_SNP_C-C-G_C-C-T,PIK3CA_GRCh38_3:179210192-179210192_Missense-Mutation_SNP_T-T-C,TP53_GRCh38_17:7674241-7674241_Missense-Mutation_SNP_G-G-C_G-G-T_G-G-A,,,,,,,,,,,,,,,,,,,,,,,,,,,,,,,,,,,,,,,,,,,,,,,,,,,,,,,,,,,,,,,,,,,,,,,,,,,,,,,,,,,,,,,,,,,,,,,,,,,,,,,,,,,,,,,,,,,,,,,,,,,,,,,,,,,,,,,,,,,,,,,,,,,,,,,,,,,,,,,,,,,,,,,,,,,,,,,,,,,,,,,,,,,,,,,,,,,,,,,,,,,,,,,,,,,
