Names,Cluster1,Cluster2,Cluster3
RNF43_GRCh37_17:56435161-56435161_Frame-Shift-Del_DEL_C-C--,10,0,12
KRAS_GRCh37_12:25398284-25398284_Missense-Mutation_SNP_C-C-A_C-C-T_C-C-G,14,0,8
PLCXD3_GRCh37_5:41313476-41313476_3'UTR_DEL_T-T--,4,0,1
FAM46A_GRCh37_6:82457993-82457993_3'UTR_DEL_T-T--,4,0,7
PLAG1_GRCh37_8:57077122-57077122_3'UTR_DEL_T-T--,1,0,4
KCNC1_GRCh37_11:17799295-17799295_3'UTR_DEL_T-T--,1,0,4
CD93_GRCh37_20:23066469-23066469_Frame-Shift-Del_DEL_C-C--,1,0,5
ACVR2A_GRCh37_2:148683686-148683686_Frame-Shift-Del_DEL_A-A--,6,0,7
CD93_GRCh37_20:23060886-23060886_3'UTR_DEL_T-T--,6,0,1
SORCS1_GRCh37_10:108333636-108333636_3'UTR_DEL_A-A--,1,0,4
B4GALNT4_GRCh37_11:380921-380921_Frame-Shift-Del_DEL_G-G--,2,0,3
XRRA1_GRCh37_11:74656099-74656099_5'UTR_DEL_T-T--,1,0,4
BTBD11_GRCh37_12:107937778-107937778_Frame-Shift-Del_DEL_C-C--,3,0,3
SETD1B_GRCh37_12:122242658-122242658_Frame-Shift-Del_DEL_C-C--,2,0,10
KDM5A_GRCh37_12:392715-392715_3'UTR_DEL_T-T--,0,0,6
PCDH9_GRCh37_13:66877255-66877256_3'UTR_INS_----T_----TT,2,0,7
CSNK1G1_GRCh37_15:64461260-64461260_3'UTR_DEL_A-A--,2,0,11
ZNF609_GRCh37_15:64967247-64967247_Frame-Shift-Del_DEL_A-A--,4,0,3
RBFOX1_GRCh37_16:7762402-7762402_3'Flank_DEL_A-A--,0,0,6
BCAS3_GRCh37_17:59465981-59465981_Intron_DEL_A-A--,1,0,8
LMAN1_GRCh37_18:57013194-57013194_Frame-Shift-Del_DEL_T-T--,3,0,6
MEX3A_GRCh37_1:156043945-156043945_3'UTR_DEL_T-T--,2,0,6
RNF2_GRCh37_1:185070035-185070035_3'UTR_DEL_T-T--,3,0,3
ARID1A_GRCh37_1:27105931-27105931_Frame-Shift-Del_DEL_G-G--,4,0,4
RPL22_GRCh37_1:6257785-6257785_Frame-Shift-Del_DEL_T-T--,12,0,15
ANKRD13C_GRCh37_1:70727541-70727541_3'UTR_DEL_T-T--,3,0,5
DONSON_GRCh37_21:34947889-34947889_3'Flank_DEL_T-T--,6,0,5
TMEM184B_GRCh37_22:38615537-38615537_3'UTR_SNP_A-A-T,0,0,7
MAP3K2_GRCh37_2:128064929-128064929_3'Flank_DEL_A-A--,2,0,4
SCN3A_GRCh37_2:165944961-165944961_3'UTR_DEL_A-A--,0,0,6
FAM126B_GRCh37_2:201845398-201845398_3'UTR_DEL_G-G--,2,0,3
PRKCE_GRCh37_2:46414855-46414855_3'UTR_DEL_A-A--,2,0,4
HPS3_GRCh37_3:148890142-148890142_3'UTR_SNP_C-C-T,3,0,5
MBNL1_GRCh37_3:152182026-152182026_3'UTR_DEL_A-A--,2,0,4
MECOM_GRCh37_3:169381319-169381319_RNA_SNP_C-C-T,2,0,6
ZNF621_GRCh37_3:40575422-40575422_3'UTR_DEL_A-A--,1,0,5
MAGI1_GRCh37_3:65340578-65340578_3'Flank_DEL_T-T--,2,0,5
CPEB2_GRCh37_4:15070968-15070968_3'Flank_DEL_A-A--,2,0,4
FBN2_GRCh37_5:127594064-127594064_3'UTR_DEL_A-A--,2,0,3
NSD1_GRCh37_5:176675269-176675269_Frame-Shift-Del_DEL_A-A--,4,0,3
TFAP2B_GRCh37_6:50814901-50814901_3'UTR_DEL_A-A--,1,0,6
LRRC4_GRCh37_7:127668233-127668233_3'UTR_DEL_T-T--,0,0,8
XKR6_GRCh37_8:10755103-10755103_3'UTR_DEL_T-T--,1,0,5
DMTN_GRCh37_8:21939823-21939823_3'UTR_DEL_C-C--,4,0,5
HMBOX1_GRCh37_8:28748268-28748268_Intron_DEL_T-T--,2,0,3
CLVS1_GRCh37_8:62412295-62412295_3'UTR_DEL_T-T--,6,0,5
ESRP1_GRCh37_8:95686611-95686611_Frame-Shift-Del_DEL_A-A--,4,0,8
ZBTB34_GRCh37_9:129646764-129646764_3'UTR_DEL_T-T--,1,0,6
CNTLN_GRCh37_9:17484353-17484353_Frame-Shift-Del_DEL_A-A--,2,0,5
ABHD17B_GRCh37_9:74481467-74481467_3'UTR_DEL_A-A--,2,0,3
AMOT_GRCh37_X:112023978-112023978_Intron_DEL_A-A--,2,0,3
PRRG1_GRCh37_X:37312611-37312611_Frame-Shift-Del_DEL_C-C--,1,0,7
ZXDB_GRCh37_X:57618381-57618381_5'UTR_DEL_T-T--,0,0,7
ADAR_GRCh37_1:154554555-154554555_3'UTR_DEL_T-T--,3,0,3
ATPAF1_GRCh37_1:47100598-47100598_3'UTR_DEL_A-A--,2,0,5
WDR33_GRCh37_2:128462192-128462192_3'UTR_DEL_A-A--,3,0,3
GRIA2_GRCh37_4:158142152-158142152_5'UTR_DEL_A-A--,4,0,6
DRD5_GRCh37_4:9785349-9785349_3'UTR_SNP_G-G-C,5,0,9
PHF2_GRCh37_9:96422612-96422612_Frame-Shift-Del_DEL_A-A--,1,0,6
SEPHS1_GRCh37_10:13360429-13360429_3'UTR_SNP_A-A-T,4,0,1
ZMIZ1_GRCh37_10:81072446-81072446_Frame-Shift-Del_DEL_C-C--,5,0,1
ZFP91_GRCh37_11:58386428-58386428_3'UTR_DEL_T-T--,5,0,5
FAM222A_GRCh37_12:110208200-110208200_3'UTR_DEL_T-T--,8,0,1
C12orf29_GRCh37_12:88443834-88443834_3'UTR_DEL_A-A--,4,0,2
ATP11A_GRCh37_13:113540851-113540851_3'UTR_DEL_T-T--,2,0,4
UPF3A_GRCh37_13:115057211-115057211_Frame-Shift-Del_DEL_A-A--,4,0,5
LATS2_GRCh37_13:21547831-21547831_3'UTR_DEL_A-A--,3,0,2
TNFSF11_GRCh37_13:43181715-43181715_3'UTR_DEL_A-A--,1,0,6
BTBD7_GRCh37_14:93708031-93708031_3'UTR_DEL_A-A--,4,0,7
BCL11B_GRCh37_14:99638058-99638058_3'UTR_DEL_T-T--,3,0,2
TMOD3_GRCh37_15:52201131-52201131_3'UTR_DEL_T-T--,2,0,3
TMC7_GRCh37_16:19073948-19073948_3'UTR_DEL_A-A--,5,0,3
UBFD1_GRCh37_16:23585469-23585469_3'UTR_DEL_T-T--,2,0,3
IRX3_GRCh37_16:54317531-54317531_3'UTR_DEL_T-T--,4,0,5
ZC3H18_GRCh37_16:88691141-88691141_Frame-Shift-Del_DEL_C-C--,2,0,4
NF1_GRCh37_17:29701671-29701671_3'UTR_DEL_T-T--,2,0,3
NOL4_GRCh37_18:31432398-31432398_3'UTR_SNP_T-T-C,4,0,2
SLC1A5_GRCh37_19:47278169-47278169_3'UTR_DEL_A-A--,1,0,6
RC3H1_GRCh37_1:173907542-173907542_3'UTR_DEL_T-T--,5,0,5
ARID1A_GRCh37_1:27106804-27106804_Frame-Shift-Del_DEL_C-C--,5,0,0
JAK1_GRCh37_1:65306997-65306997_Frame-Shift-Del_DEL_T-T--,4,0,7
SYDE2_GRCh37_1:85624415-85624415_3'UTR_DEL_A-A--,5,0,1
NCOA3_GRCh37_20:46282985-46282985_3'Flank_DEL_T-T--,3,0,12
SMTN_GRCh37_22:31485922-31485922_Frame-Shift-Del_DEL_C-C--,2,0,3
MGAT3_GRCh37_22:39888064-39888064_3'UTR_DEL_T-T--,3,0,2
BCL11A_GRCh37_2:60684502-60684502_3'UTR_DEL_A-A--,3,0,2
FBXO48_GRCh37_2:68691329-68691329_3'UTR_DEL_T-T--,5,0,3
CNNM4_GRCh37_2:97475585-97475585_3'UTR_DEL_A-A--,2,0,4
ZBTB20_GRCh37_3:114058003-114058003_Frame-Shift-Del_DEL_G-G--,6,0,4
PLXND1_GRCh37_3:129274391-129274391_3'UTR_DEL_A-A--,1,0,5
BHLHE40_GRCh37_3:5026719-5026719_3'UTR_DEL_T-T--,2,0,3
DOCK3_GRCh37_3:51417604-51417604_Frame-Shift-Del_DEL_C-C--,5,0,17
DRD5_GRCh37_4:9785421-9785421_3'UTR_SNP_G-G-T,3,0,7
TCERG1_GRCh37_5:145890610-145890610_3'UTR_DEL_T-T--,3,0,5
ANKH_GRCh37_5:14711209-14711209_3'UTR_DEL_A-A--,5,0,4
CSNK1A1_GRCh37_5:148875718-148875718_3'UTR_DEL_T-T--,2,0,6
NDST1_GRCh37_5:149933842-149933842_3'UTR_DEL_T-T--,2,0,4
EBF1_GRCh37_5:158125830-158125830_3'UTR_DEL_A-A--,3,0,2
NSD1_GRCh37_5:176722543-176722543_3'UTR_DEL_A-A--,1,0,4
BEND3_GRCh37_6:107391602-107391602_Frame-Shift-Del_DEL_C-C--,2,0,3
WASF1_GRCh37_6:110421523-110421523_3'UTR_DEL_A-A--,3,0,3
SRF_GRCh37_6:43149200-43149200_3'UTR_DEL_A-A--,4,0,3
KMT2C_GRCh37_7:151833642-151833642_3'UTR_DEL_A-A--,4,0,2
RSBN1L_GRCh37_7:77408706-77408706_3'UTR_DEL_A-A--,2,0,4
KCNB2_GRCh37_8:73480397-73480397_Frame-Shift-Del_DEL_A-A--,3,0,2
TCEAL1_GRCh37_X:102885616-102885617_3'UTR_INS_----A,5,0,1
MUM1L1_GRCh37_X:105451636-105451636_3'UTR_DEL_T-T--,4,0,6
BCOR_GRCh37_X:39921444-39921444_Missense-Mutation_SNP_T-T-C,9,0,3
MFRP_GRCh37_11:119213688-119213688_Frame-Shift-Del_DEL_G-G--,1,0,4
API5_GRCh37_11:43364746-43364746_3'Flank_SNP_G-G-A,1,0,6
SLC3A2_GRCh37_11:62649529-62649529_Frame-Shift-Del_DEL_A-A--,2,0,5
INPPL1_GRCh37_11:71948209-71948209_Frame-Shift-Del_DEL_C-C--,2,0,4
INPPL1_GRCh37_11:71948748-71948748_Frame-Shift-Del_DEL_C-C--,4,0,6
GOLT1B_GRCh37_12:21669843-21669843_3'UTR_DEL_A-A--,3,0,4
DDHD1_GRCh37_14:53513450-53513480_3'UTR_DEL_AATCAGTTTTAGGCCATTCATGTCCTTCAAG-AATCAGTTTTAGGCCATTCATGTCCTTCAAG-TCAGTTTTAGGCCATTCATGTCCTTCA,2,0,8
ELMSAN1_GRCh37_14:74205773-74205773_Frame-Shift-Del_DEL_G-G--,5,0,4
BCL11B_GRCh37_14:99638414-99638414_3'UTR_DEL_T-T--,1,0,4
ZNRF1_GRCh37_16:75141903-75141903_3'UTR_DEL_A-A--,2,0,6
CNTNAP1_GRCh37_17:40851054-40851054_3'UTR_DEL_C-C--,2,0,4
ACOX1_GRCh37_17:73941870-73941870_3'Flank_DEL_A-A--,0,0,5
DTNA_GRCh37_18:32471180-32471180_3'Flank_DEL_A-A--,4,0,1
C18orf25_GRCh37_18:43844099-43844099_3'UTR_DEL_A-A--,1,0,4
PIK3R2_GRCh37_19:18273784-18273784_Missense-Mutation_SNP_G-G-A,3,0,2
MKNK2_GRCh37_19:2038031-2038031_3'UTR_DEL_C-C--,1,0,7
OSBPL9_GRCh37_1:52253843-52253843_3'UTR_SNP_C-C-T,2,0,4
OSBP2_GRCh37_22:31303620-31303620_3'UTR_DEL_A-A--,1,0,4
RABL2B_GRCh37_22:51206140-51206140_3'UTR_DEL_A-A--,0,0,5
NR4A2_GRCh37_2:157181603-157181603_3'UTR_DEL_T-T--,1,0,4
COBLL1_GRCh37_2:165551296-165551296_Frame-Shift-Del_DEL_A-A--,2,0,4
HOXD10_GRCh37_2:176984427-176984427_3'UTR_DEL_A-A--,3,0,2
ITGAV_GRCh37_2:187542366-187542367_3'UTR_INS_----TTG,1,0,4
ARL4C_GRCh37_2:235402410-235402410_3'UTR_DEL_T-T--,0,0,5
GPAT2_GRCh37_2:96687157-96687157_RNA_DEL_C-C--,3,0,2
TP63_GRCh37_3:189614077-189614077_3'UTR_DEL_T-T--,3,0,2
CDC25A_GRCh37_3:48199853-48199853_3'UTR_DEL_T-T--,2,0,4
HAND2_GRCh37_4:174448221-174448221_3'UTR_DEL_T-T--,2,0,6
FAT1_GRCh37_4:187509412-187509412_3'UTR_DEL_A-A--,3,0,7
RBM27_GRCh37_5:145647320-145647320_Frame-Shift-Del_DEL_A-A--,1,0,5
IPO11_GRCh37_5:61847115-61847115_Frame-Shift-Del_DEL_T-T--,1,0,4
SYNE1_GRCh37_6:152442991-152442991_3'UTR_DEL_A-A--,0,0,8
ATXN1_GRCh37_6:16300903-16300903_3'UTR_DEL_T-T--,1,0,4
FOXP2_GRCh37_7:114284858-114284858_Intron_DEL_T-T--,2,0,6
PTENP1_GRCh37_9:33675365-33675365_RNA_DEL_A-A--,3,0,3
BCL7A_GRCh37_12:122498698-122498698_3'UTR_DEL_T-T--,4,0,5
DZIP1_GRCh37_13:96233597-96233597_3'UTR_DEL_A-A--,2,0,5
SPRED1_GRCh37_15:38645341-38645341_3'UTR_DEL_T-T--,2,0,3
IFT20_GRCh37_17:26655405-26655405_3'UTR_DEL_A-A--,4,0,3
XYLT2_GRCh37_17:48433967-48433967_Frame-Shift-Del_DEL_C-C--,1,0,4
TEAD2_GRCh37_19:49850473-49850473_Frame-Shift-Del_DEL_G-G--,2,0,3
ASH1L_GRCh37_1:155306142-155306142_3'UTR_SNP_G-G-A,3,0,4
NLGN1_GRCh37_3:174000599-174000599_3'UTR_DEL_T-T--,5,0,1
RGS12_GRCh37_4:3432431-3432431_Frame-Shift-Del_DEL_C-C--,1,0,4
CXCL5_GRCh37_4:74862301-74862301_3'UTR_DEL_T-T--,2,0,3
ISL1_GRCh37_5:50689707-50689707_3'UTR_DEL_A-A--,2,0,3
ARID1B_GRCh37_6:157530012-157530012_3'UTR_DEL_A-A--,1,0,4
SND1_GRCh37_7:127732374-127732374_3'UTR_DEL_T-T--,3,0,2
POF1B_GRCh37_X:84534384-84534384_3'UTR_SNP_A-A-C,2,0,5
SENP1_GRCh37_12:48438103-48438103_3'UTR_DEL_A-A--,2,0,4
ZBTB41_GRCh37_1:197124442-197124442_3'UTR_DEL_A-A--,0,0,5
MDN1_GRCh37_6:90432675-90432675_Frame-Shift-Del_DEL_T-T--,1,0,4
ATP2B2_GRCh37_3:10369224-10369224_3'UTR_DEL_A-A--,0,0,6
PTEN_GRCh37_10:89692904-89692904_Missense-Mutation_SNP_C-C-G,9,0,4
CNNM1_GRCh37_10:101153280-101153280_3'UTR_DEL_A-A--,3,0,3
AGAP6_GRCh37_10:51754188-51754188_Missense-Mutation_SNP_A-A-G,2,0,4
KCNMA1_GRCh37_10:78646911-78646911_3'UTR_DEL_A-A--,5,0,2
PHC1_GRCh37_12:9094027-9094027_3'UTR_DEL_T-T--,2,0,4
TCF4_GRCh37_18:52891869-52891869_3'UTR_DEL_A-A--,1,0,5
KIAA0355_GRCh37_19:34844830-34844830_3'UTR_DEL_A-A--,1,0,4
TARDBP_GRCh37_1:11084334-11084334_3'Flank_DEL_T-T--,2,0,4
NFASC_GRCh37_1:204924033-204924033_Frame-Shift-Del_DEL_C-C--,1,0,4
DDX27_GRCh37_20:47858504-47858504_Frame-Shift-Del_DEL_A-A--,2,0,4
ST8SIA4_GRCh37_5:100143111-100143111_3'UTR_DEL_T-T--,3,0,5
G3BP1_GRCh37_5:151184490-151184490_3'UTR_DEL_A-A--,5,0,6
PLK2_GRCh37_5:57749859-57749859_3'UTR_DEL_A-A--,3,0,2
KIAA1919_GRCh37_6:111587361-111587361_Frame-Shift-Del_DEL_T-T--,1,0,5
RBM12B_GRCh37_8:94744119-94744119_3'UTR_DEL_T-T--,3,0,5
PTENP1_GRCh37_9:33674810-33674810_RNA_SNP_A-A-G,0,0,8
NRK_GRCh37_X:105201278-105201278_3'UTR_SNP_T-T-A,3,0,3
KIAA1024_GRCh37_15:79750586-79750586_Frame-Shift-Del_DEL_A-A--,6,0,3
MAF_GRCh37_16:79630784-79630784_3'UTR_DEL_T-T--,3,0,5
FAHD2A_GRCh37_2:96078466-96078466_Frame-Shift-Del_DEL_C-C--,3,0,2
RNF13_GRCh37_3:149679472-149679472_3'UTR_DEL_T-T--,2,0,4
SENP2_GRCh37_3:185347892-185347892_3'UTR_DEL_T-T--,5,0,0
DENND6A_GRCh37_3:57611368-57611368_3'UTR_DEL_A-A--,2,0,5
SLMAP_GRCh37_3:57913670-57913670_3'UTR_DEL_T-T--,2,0,3
KBTBD8_GRCh37_3:67059955-67059955_3'UTR_DEL_T-T--,4,0,2
TRIM2_GRCh37_4:154257295-154257295_3'UTR_SNP_C-C-T,4,0,2
NIPBL_GRCh37_5:37064899-37064899_Frame-Shift-Del_DEL_A-A--,5,0,0
SRRT_GRCh37_7:100479331-100479332_Frame-Shift-Ins_INS_----G,1,0,4
HAS2_GRCh37_8:122625937-122625937_3'UTR_DEL_A-A--,5,0,4
SLC44A1_GRCh37_9:108152932-108152932_3'UTR_DEL_T-T--,2,0,4
DYRK1A_GRCh37_21:38853058-38853059_Frame-Shift-Ins_INS_----A,1,0,4
SVIL_GRCh37_10:29760116-29760116_Frame-Shift-Del_DEL_C-C--,2,0,3
SLC38A2_GRCh37_12:46752311-46752311_3'UTR_DEL_T-T--,1,0,4
FAM19A2_GRCh37_12:62102950-62102950_3'UTR_DEL_A-A--,2,0,4
ABHD13_GRCh37_13:108884458-108884458_3'UTR_DEL_A-A--,3,0,3
DPF3_GRCh37_14:73136813-73136813_Intron_DEL_A-A--,5,0,4
BCL11B_GRCh37_14:99638831-99638831_3'UTR_DEL_A-A--,2,0,4
UBE2G1_GRCh37_17:4173434-4173434_3'UTR_DEL_A-A--,0,0,5
EFCAB14_GRCh37_1:47142712-47142712_3'UTR_DEL_T-T--,2,0,3
NFIA_GRCh37_1:61543223-61543223_5'Flank_DEL_A-A--,1,0,8
OLIG2_GRCh37_21:34400544-34400544_3'UTR_DEL_G-G--,0,0,5
ABI2_GRCh37_2:204292195-204292195_3'UTR_DEL_T-T--,2,0,3
C3orf58_GRCh37_3:143709142-143709142_3'UTR_SNP_T-T-C,2,0,3
NR2C2_GRCh37_3:15084794-15084794_3'Flank_DEL_A-A--,1,0,4
RYBP_GRCh37_3:72424550-72424550_3'UTR_DEL_T-T--,3,0,7
HIVEP1_GRCh37_6:12164716-12164716_3'UTR_DEL_T-T--,2,0,4
ARF5_GRCh37_7:127231636-127231636_3'UTR_DEL_T-T--,2,0,4
CTCF_GRCh37_16:67645338-67645339_Frame-Shift-Ins_INS_----A_----AA,4,0,5
UBTF_GRCh37_17:42283996-42283996_3'UTR_DEL_A-A--,2,0,3
SGMS1_GRCh37_10:52066312-52066312_3'UTR_DEL_T-T--,1,0,4
AKAP7_GRCh37_6:131481276-131481276_Frame-Shift-Del_DEL_A-A--,2,0,4
QKI_GRCh37_6:163987695-163987695_Intron_DEL_T-T--,4,0,3
MYO1A_GRCh37_12:57422573-57422573_Frame-Shift-Del_DEL_T-T--,2,0,4
PLEKHA3_GRCh37_2:179368841-179368841_3'UTR_DEL_T-T--,1,0,4
PCNP_GRCh37_3:101312475-101312475_3'UTR_DEL_A-A--,3,0,3
MMP16_GRCh37_8:89052365-89052365_3'UTR_DEL_A-A--,0,0,5
PTEN_GRCh37_10:89720811-89720812_Frame-Shift-Ins_INS_----A,2,0,5
PAX6_GRCh37_11:31812317-31812317_Frame-Shift-Del_DEL_G-G--,2,0,4
CCDC90B_GRCh37_11:82966931-82966931_3'Flank_DEL_A-A--,0,0,5
KRAS_GRCh37_12:25398285-25398285_Missense-Mutation_SNP_C-C-A_C-C-T,4,0,2
REP15_GRCh37_12:27850521-27850521_3'UTR_DEL_A-A--,1,0,6
CAMSAP2_GRCh37_1:200827020-200827020_Frame-Shift-Del_DEL_A-A--,2,0,5
CTNNA2_GRCh37_2:80875615-80875615_3'UTR_DEL_T-T--,7,0,6
ZNF2_GRCh37_2:95848210-95848210_3'UTR_DEL_T-T--,1,0,4
ZNF148_GRCh37_3:124949838-124949838_3'UTR_DEL_A-A--,0,0,5
FOXP1_GRCh37_3:71006306-71006306_3'UTR_DEL_T-T--,0,0,5
ELOVL5_GRCh37_6:53133582-53133582_3'UTR_DEL_A-A--,1,0,5
TTK_GRCh37_6:80751897-80751897_Frame-Shift-Del_DEL_A-A--,3,0,3
MAP3K7_GRCh37_6:91226170-91226170_3'UTR_DEL_A-A--,2,0,4
POU2F3_GRCh37_11:120190067-120190067_3'Flank_DEL_A-A--,4,0,1
C11orf84_GRCh37_11:63595175-63595175_3'UTR_DEL_T-T--,2,0,3
ZNF644_GRCh37_1:91382293-91382293_3'UTR_DEL_A-A--,1,0,7
TMEM64_GRCh37_8:91637754-91637754_3'UTR_DEL_A-A--,2,0,3
POTEG_GRCh37_14:19563232-19563232_RNA_SNP_T-T-C,5,0,5
ASB7_GRCh37_15:101189294-101189294_3'UTR_DEL_T-T--,1,0,8
CHD3_GRCh37_17:7798765-7798765_Frame-Shift-Del_DEL_C-C--,4,0,5
LMAN1_GRCh37_18:57013285-57013285_Splice-Site_DEL_T-T--,1,0,4
DENND1C_GRCh37_19:6477251-6477251_Frame-Shift-Del_DEL_G-G--,1,0,5
SIKE1_GRCh37_1:115316465-115316465_3'UTR_DEL_A-A--,1,0,6
SHC1_GRCh37_1:154935863-154935863_3'UTR_DEL_G-G--,4,0,8
AK2_GRCh37_1:33475498-33475498_3'Flank_DEL_A-A--,2,0,5
AGO4_GRCh37_1:36319974-36319974_3'UTR_DEL_A-A--,1,0,5
DLGAP4_GRCh37_20:35156623-35156623_3'UTR_DEL_T-T--,2,0,3
TTC3_GRCh37_21:38524243-38524243_Frame-Shift-Del_DEL_A-A--,2,0,3
PCNP_GRCh37_3:101312180-101312180_3'UTR_DEL_T-T--,0,0,5
SMARCC1_GRCh37_3:47627534-47627534_3'UTR_DEL_C-C--,0,0,5
POU4F2_GRCh37_4:147562702-147562702_3'UTR_DEL_A-A--,2,0,4
FBN2_GRCh37_5:127594651-127594651_3'UTR_DEL_A-A--,4,0,4
RHOBTB3_GRCh37_5:95129189-95129189_3'UTR_DEL_A-A--,0,0,5
TPD52_GRCh37_8:80948735-80948735_3'Flank_DEL_T-T--,3,0,3
ELAVL2_GRCh37_9:23690406-23690406_3'Flank_DEL_T-T--,1,0,4
ARL2BP_GRCh37_16:57286855-57286855_3'UTR_DEL_A-A--,3,0,2
GRHL3_GRCh37_1:24681723-24681723_Intron_DEL_T-T--,2,0,4
CIT_GRCh37_12:120123940-120123940_3'UTR_DEL_T-T--,4,0,3
ADAMTS5_GRCh37_21:28293489-28293489_3'UTR_DEL_T-T--,2,0,3
PXDN_GRCh37_2:1652960-1652960_Frame-Shift-Del_DEL_G-G--,2,0,4
AP1S1_GRCh37_7:100802405-100802405_Frame-Shift-Del_DEL_G-G--,1,0,4
TNRC18_GRCh37_7:5401258-5401259_Frame-Shift-Ins_INS_----G_----GG,2,0,4
TRPS1_GRCh37_8:116423511-116423511_3'Flank_DEL_A-A--,1,0,4
MESDC1_GRCh37_15:81296263-81296263_3'UTR_DEL_T-T--,3,0,6
NT5C3B_GRCh37_17:39981432-39981433_3'Flank_INS_----T,2,0,3
CYTH1_GRCh37_17:76672022-76672022_3'UTR_DEL_A-A--,2,0,3
DDX18_GRCh37_2:118588346-118588346_3'UTR_DEL_T-T--,3,0,4
HDAC4_GRCh37_2:239974110-239974110_3'UTR_DEL_A-A--,1,0,4
MSH3_GRCh37_5:79970915-79970915_Frame-Shift-Del_DEL_A-A--,4,0,5
FMR1_GRCh37_X:147031603-147031603_3'UTR_DEL_T-T--,1,0,5
DLG3_GRCh37_X:69722275-69722275_3'UTR_DEL_T-T--,1,0,5
RBFOX1_GRCh37_16:7761453-7761453_3'Flank_DEL_A-A--,1,0,4
REPS2_GRCh37_X:17168995-17168995_3'UTR_DEL_T-T--,2,0,3
ZNF503_GRCh37_10:77157898-77157898_3'UTR_DEL_T-T--,3,0,3
COL19A1_GRCh37_6:70918738-70918738_3'UTR_DEL_T-T--,2,0,3
LRRC57_GRCh37_15:42835068-42835068_3'UTR_DEL_T-T--,0,0,5
DYNC2LI1_GRCh37_2:44021481-44021481_Intron_DEL_T-T--,4,0,1
AFF1_GRCh37_4:88062002-88062002_3'UTR_DEL_T-T--,2,0,6
C5orf24_GRCh37_5:134192662-134192662_3'UTR_DEL_T-T--,0,0,5
GFRA2_GRCh37_8:21550684-21550684_3'UTR_DEL_T-T--,1,0,4
DOCK8_GRCh37_9:405015-405015_Frame-Shift-Del_DEL_T-T--,2,0,3
DDX3X_GRCh37_X:41207100-41207100_3'UTR_DEL_T-T--,2,0,4
RBM25_GRCh37_14:73586614-73586614_3'UTR_DEL_T-T--,2,0,3
USP44_GRCh37_12:95911790-95911790_3'UTR_DEL_A-A--,1,0,4
NBEA_GRCh37_13:35733663-35733663_Frame-Shift-Del_DEL_A-A--,3,0,2
MTF1_GRCh37_1:38275601-38275601_3'UTR_DEL_A-A--,2,0,3
DNAJC14_GRCh37_12:56214844-56214844_3'UTR_DEL_A-A--,2,0,4
EAF1_GRCh37_3:15483420-15483420_3'UTR_DEL_T-T--,5,0,1
ZFP37_GRCh37_9:115806416-115806416_Frame-Shift-Del_DEL_T-T--,2,0,3
KCNA4_GRCh37_11:30033563-30033563_Frame-Shift-Del_DEL_A-A--,4,0,3
API5_GRCh37_11:43364760-43364760_3'Flank_SNP_G-G-A,3,0,2
RAB1B_GRCh37_11:66039143-66039143_RNA_DEL_A-A--,1,0,5
C3orf70_GRCh37_3:184795852-184795852_3'UTR_DEL_A-A--,4,0,4
ALKBH8_GRCh37_11:107375331-107375331_3'UTR_DEL_T-T--,4,0,1
SRRT_GRCh37_7:100479332-100479332_Frame-Shift-Del_DEL_G-G--,4,0,1
DUT_GRCh37_15:48634180-48634180_Intron_DEL_A-A--,2,0,3
RP11-465B22.5_GRCh37_1:1078310-1078310_RNA_DEL_C-C--,2,0,3
MAPK1_GRCh37_22:22114661-22114661_3'UTR_DEL_T-T--,2,0,4
NLGN3_GRCh37_X:70390050-70390050_3'UTR_SNP_C-C-T,4,0,1
LCP2_GRCh37_5:169677853-169677853_Frame-Shift-Del_DEL_T-T--,1,0,4
ZNF217_GRCh37_20:52184372-52184372_3'UTR_DEL_A-A--,1,0,5
FOXJ3_GRCh37_1:42643692-42643692_3'UTR_DEL_A-A--,1,0,4
KIF20A_GRCh37_5:137523281-137523281_3'UTR_DEL_T-T--,1,0,4
ARID1A_GRCh37_1:27105930-27105931_Frame-Shift-Ins_INS_----G,1,0,4
RTKN2_GRCh37_10:63958149-63958149_Frame-Shift-Del_DEL_T-T--,3,0,2
SHC4_GRCh37_15:49117722-49117722_3'UTR_DEL_T-T--,2,0,3
CD47_GRCh37_3:107762206-107762206_3'Flank_DEL_T-T--,0,0,5
VEGFA_GRCh37_6:43753880-43753880_3'Flank_SNP_G-G-A,1,0,4
