,DRD5_GRCh37_4:9785421-9785421_3'UTR_SNP_G-G-T,PRRG1_GRCh37_X:37312611-37312611_Frame-Shift-Del_DEL_C-C--,PTENP1_GRCh37_9:33674810-33674810_RNA_SNP_A-A-G,DDHD1_GRCh37_14:53513450-53513480_3'UTR_DEL_AATCA...,NSD1_GRCh37_5:176722543-176722543_3'UTR_DEL_A-A--,TNFSF11_GRCh37_13:43181715-43181715_3'UTR_DEL_A-A--,RPL22_GRCh37_1:6257785-6257785_Frame-Shift-Del_DEL_T-T--
TCGA-A5-A2K7-01,0,1,0,0,0,0,1
TCGA-AJ-A2QO-01,1,0,0,0,1,1,1
TCGA-AJ-A3BG-01,0,0,0,1,0,0,0
TCGA-AJ-A3BH-01,1,0,0,0,0,0,0
TCGA-AJ-A3OJ-01,0,0,1,0,0,0,0
TCGA-AJ-A3OL-01,0,0,0,1,0,0,0
TCGA-AP-A0LS-01,0,0,0,0,0,1,1
TCGA-AP-A1DH-01,0,0,0,0,0,0,1
TCGA-AP-A1DO-01,1,0,1,0,0,0,1
TCGA-AP-A1DR-01,2,2,2,2,2,2,2
TCGA-AP-A1E1-01,0,0,0,0,0,0,1
TCGA-AX-A1C4-01,0,0,0,0,1,0,1
TCGA-AX-A1C9-01,0,0,0,0,0,0,1
TCGA-AX-A2HA-01,1,0,0,0,0,0,1
TCGA-AX-A2HD-01,0,1,1,0,0,0,1
TCGA-AX-A2HG-01,0,0,0,1,0,0,0
TCGA-AX-A2HJ-01,1,0,1,0,0,0,1
TCGA-AX-A2IN-01,0,0,0,0,0,0,1
TCGA-AX-A3FS-01,0,0,0,1,0,0,1
TCGA-AX-A3FT-01,0,0,0,0,0,0,1
TCGA-AX-A3G8-01,0,0,0,0,0,0,1
TCGA-AX-A3G9-01,1,0,0,0,0,0,0
TCGA-B5-A11G-01,0,0,0,0,0,0,1
TCGA-B5-A11H-01,0,0,0,0,0,0,1
TCGA-B5-A11U-01,0,0,0,0,0,0,1
TCGA-B5-A3FC-01,0,1,0,0,0,0,0
TCGA-B5-A5OC-01,0,0,0,0,0,1,0
TCGA-BG-A0VW-01,0,0,0,0,0,0,1
TCGA-BG-A222-01,0,1,0,1,0,0,0
TCGA-BG-A2L7-01,0,1,1,0,0,0,0
TCGA-BG-A3EW-01,0,0,0,0,0,1,0
TCGA-BK-A13B-01,0,0,0,0,0,1,0
TCGA-BS-A0VI-01,0,0,0,0,0,0,1
TCGA-D1-A0ZO-01,0,0,0,0,0,0,1
TCGA-D1-A167-01,0,0,0,0,0,0,1
TCGA-D1-A174-01,0,0,0,0,0,0,1
TCGA-D1-A17D-01,0,0,0,0,0,0,1
TCGA-D1-A1NZ-01,1,0,0,1,0,0,0
TCGA-D1-A2G0-01,0,1,0,0,0,0,1
TCGA-DF-A2KN-01,0,0,1,0,0,0,0
TCGA-DI-A1BU-01,1,1,0,1,0,0,0
TCGA-E6-A2P9-01,2,2,2,2,2,2,2
TCGA-EC-A1QX-01,0,0,0,0,0,1,0
TCGA-EC-A24G-01,0,0,0,0,0,0,1
TCGA-EO-A22S-01,0,0,0,0,0,0,1
TCGA-EO-A3KX-01,2,2,2,2,2,2,2
TCGA-EY-A1GF-01,0,0,0,0,0,0,1
TCGA-EY-A1GQ-01,0,0,0,0,0,0,1
TCGA-EY-A1GU-01,0,0,0,0,0,0,1
TCGA-EY-A1H0-01,0,0,0,1,0,0,0
TCGA-EY-A215-01,0,0,0,1,0,0,1
TCGA-EY-A2OM-01,2,2,2,2,2,2,2
TCGA-EY-A2OP-01,0,0,1,0,0,0,0
TCGA-EY-A549-01,0,0,0,1,0,0,0
TCGA-EY-A5W2-01,0,0,1,0,0,0,1
TCGA-FI-A2D4-01,1,1,0,0,0,0,0
TCGA-FI-A2D6-01,1,0,0,0,0,0,1
TCGA-SL-A6JA-01,0,0,1,0,0,0,0
